Response number,Feedback type,Feedback,Suggestions for improvement,Product(s) used,How likely are you to recommend us to a friend or colleague?,Name,Email
1,Feature Request,Accusantium molestiae dolores ipsum. Aut incidunt et. Voluptate quam nisi optio adipisci ut eaque dolor aliquid. Ut est iusto. Quia fugiat voluptatem et atque aut. Nobis dolor nemo nihil quia possimus aliquam quia veniam vero. Sed quis voluptatem cum aperiam inventore dolorem.,Nobis libero vitae magni. Earum nobis nobis dolores at. Quia in consequatur in eum quia. Eos dignissimos voluptatem. Omnis dolores officiis. Ut itaque aut blanditiis. Quia cupiditate explicabo et sapiente explicabo sint. Consequatur officiis et qui pariatur eius maxime provident adipisci harum. Est id ratione temporibus ut occaecati aut occaecati ad.,,4,,
2,Feature Request,Neque ut perferendis eius. Dolores unde et qui voluptatem eius alias. Quod id possimus non quidem asperiores. Sit et nam dolor labore. Aut quia expedita qui quia sed.,Praesentium odit beatae et qui laudantium quidem quis. Eum sit numquam aut sequi sapiente quod excepturi tempore. Similique earum qui veritatis rerum inventore id voluptatem. Qui in id totam ipsam voluptatem quo. Recusandae consequatur est hic excepturi qui totam. Ea vero et dolores eligendi. Sint culpa non magnam in. Laborum dolorem vel cupiditate quibusdam aperiam sapiente. Beatae libero sit.,,2,,
3,Comments,Labore dicta alias fugit optio quia sequi. Ipsam harum aliquam. Explicabo corrupti consequatur eligendi quidem quod.,,,7,Kristen Wilderman,Viviane.Kovacek@yahoo.com
4,Comments,Odio voluptas doloribus quae nihil sit et. Atque minima necessitatibus.,Numquam numquam consectetur sed non aut ea et. Neque veritatis at vel tempore non. Voluptatum doloribus autem temporibus.,"Employee Management, Inventory Management, Customer Management, Accounting, Invoicing",0,,Wilton_Emmerich@hotmail.com
5,Questions,Enim ut et placeat dolores excepturi non laborum aliquam error.,Assumenda voluptatem omnis. Praesentium eius pariatur. Quia ullam enim nulla laboriosam dolorem et pariatur nobis. Tempore reiciendis recusandae est et dicta et qui blanditiis voluptatem.,,5,Calvin Koelpin,
6,Comments,Numquam dolorem ad consequuntur provident aut distinctio exercitationem. Consectetur quam quisquam. Nemo officia illum repudiandae. Tenetur provident iste deleniti rerum eaque odio ab. In magnam veniam explicabo voluptatem eveniet occaecati. Voluptatibus rerum voluptates dolorem consectetur suscipit quo autem dolorem. Molestiae nesciunt sit inventore et omnis eum. Sunt architecto saepe.,Voluptate dignissimos vero. Nostrum perspiciatis fugit omnis alias ea quod ut ea accusamus. Minima quae et. Quas qui dolor ullam. Sapiente asperiores amet et dolores omnis iure. Incidunt ipsum error temporibus omnis omnis. Nobis in cum debitis a voluptatum dolores aut. Nam eos illo eum quasi labore deleniti cumque. Quod sit ut quo. Fugiat at amet.,"Customer Management, Invoicing",8,,Evan.Hermiston@yahoo.com
7,Feature Request,Expedita incidunt nisi molestiae et. Molestias reiciendis ex culpa voluptatem. Fuga eaque rerum ea rem perferendis velit non occaecati. Repellendus dolorem beatae autem molestias commodi expedita labore ut enim. Vero quae nemo dolore ut nam facere. Odio nihil ut.,Et suscipit ipsa quia occaecati perferendis. Ducimus vero voluptas perspiciatis sed non. Non quod optio qui tempore et quia. Repellat eum iusto tempore quo natus asperiores cum. Delectus pariatur sunt alias cum dolorum beatae perspiciatis. Quo quo consequuntur facilis molestiae voluptatem voluptates.,"Invoicing, Customer Management, Employee Management",4,,
8,Feature Request,Assumenda aut amet dolore necessitatibus atque eos.,,,7,,Brandt6@yahoo.com
9,Comments,Qui quia vel a hic ullam mollitia tempore debitis et. Rerum accusamus nulla unde.,,"Customer Management, Employee Management, Inventory Management",10,Randal Koss,Rodger_Shields@yahoo.com
10,Comments,Iste pariatur aut soluta. Et distinctio rerum exercitationem natus eos eos molestiae in autem. Ut voluptas amet ratione ea. Qui voluptate vero magni eum eaque culpa qui. Molestiae tempore dolor veniam nulla nisi et. Et quos sint pariatur nisi. Dolor repellat enim aut laboriosam ullam dolores corrupti ut.,,"Invoicing, Employee Management",8,Jimmy Swaniawski,Angel67@gmail.com
11,Feature Request,Laborum reiciendis rerum. Vel sint est magnam ducimus. Dolores hic voluptas. Delectus nulla assumenda voluptas eligendi consectetur. Dolore quis adipisci. Qui accusantium nisi voluptatem cupiditate optio pariatur minima ut. Ducimus deserunt numquam aliquam autem dolore amet mollitia facilis ut. Eos qui quidem vitae voluptates ab sint.,,"Employee Management, Inventory Management, Invoicing, Customer Management, Accounting",0,Shannon Anderson,Adolphus57@yahoo.com
12,Feature Request,Vero et labore dolorem nemo nam alias nobis. Aliquam commodi ipsam molestias. Et voluptatum possimus eos. Quam odit quaerat porro quae repellat consequatur ut. Veniam voluptatem quisquam praesentium qui molestiae enim officiis nemo. Sunt autem facere architecto doloribus explicabo ut. Laudantium qui consectetur quod enim exercitationem iure ex animi modi. Enim voluptatem non ut ea quaerat.,,"Invoicing, Inventory Management, Accounting, Customer Management, Employee Management",4,Christopher Koch,
13,Bug Report,Nulla aut voluptatem recusandae doloremque in autem. Et ea iure et quis amet quo. Sed nostrum perferendis magni quos quis quam temporibus totam. Sit labore consequatur aut autem ut quisquam eos. Omnis est non sed sapiente consequatur incidunt soluta. Laboriosam et quod aut.,,,1,Shawn Fadel,
14,Bug Report,Quis sed facilis non aut atque nulla laboriosam earum. Omnis id quidem provident. Et labore nesciunt quia eius voluptatum. Eum et eius et quod cum. Dolorem rerum quia suscipit esse corporis. Dolor ipsa magni nostrum error voluptas est eligendi impedit.,Vitae consequatur velit reprehenderit maxime minus temporibus labore voluptas soluta. Repellendus magni aliquam veritatis. Molestias deleniti ab. Quae earum officiis asperiores. Eius tenetur et ut deserunt id et autem reprehenderit fugiat. Recusandae aliquid praesentium aperiam magnam quia quod. Quo corrupti sunt dolores asperiores dolore et delectus quia in. Delectus omnis perspiciatis fuga adipisci doloribus.,Invoicing,7,,
15,Comments,Error numquam ea id dolorum. Voluptates et rem reprehenderit repellendus sed cumque libero. Qui laboriosam rem natus numquam eveniet. Delectus beatae aut excepturi harum. Repellendus dolorem maiores similique ad. Laborum nihil repellat totam.,,,6,,
16,Comments,Et commodi occaecati laudantium ipsum unde porro voluptas error. Porro sit necessitatibus nisi consequatur sit aliquam recusandae. Libero aut quasi molestias ut ad odio ut tempore.,Occaecati possimus cumque odit dolor odio quasi consequatur. Accusantium non repudiandae veritatis praesentium earum mollitia. Eum quibusdam dolor eum repudiandae deserunt est quidem voluptates. Qui a eius optio vel debitis atque quo dignissimos. Omnis eius modi libero odit sed doloremque iure. Ex ipsum fugit est voluptatibus dolorem expedita rerum sit maxime. Et aperiam sit. Corporis quia temporibus repudiandae.,,4,,Jason.Purdy@hotmail.com
17,Feature Request,Nemo molestias odio. Nulla accusamus assumenda. Animi ut ad consequatur. Temporibus corporis qui quia magni aliquid corporis iste voluptas. Sunt aut blanditiis quas aliquam.,,"Invoicing, Accounting, Inventory Management, Customer Management",10,Ann Larson,Rhea86@gmail.com
18,Questions,Nulla assumenda nobis error. Consectetur aspernatur illum perferendis voluptatem at qui repudiandae aut.,,,6,,Telly_Spencer@yahoo.com
19,Bug Report,Voluptas quo ad eum minima vel cupiditate iure quis ut. Ratione tempora cupiditate occaecati pariatur qui consectetur repellat nam. Et enim eum qui autem soluta autem quia. Incidunt numquam ut ipsam aut.,Facere in similique possimus id assumenda et quae dolore sit. Et omnis est nobis odio natus consequatur cumque. Nulla fugiat consequatur. Aliquam in veniam. Unde aspernatur ab quo aut ipsam. Ipsa odio ullam qui consequatur qui soluta corrupti. Temporibus aut cupiditate totam rem quo. Officiis ex cumque qui. Et pariatur hic perspiciatis itaque distinctio aliquid quas neque. Eligendi quam explicabo aperiam tempora quia alias.,"Employee Management, Invoicing",5,,Genesis_Koelpin@hotmail.com
20,Feature Request,Dolorem praesentium aperiam qui accusantium alias modi est numquam.,Incidunt nostrum aut doloremque. Rerum fuga voluptatem ut temporibus. Aut unde sint quis delectus exercitationem.,"Customer Management, Invoicing, Employee Management, Inventory Management",2,Garry Gaylord,
21,Comments,Sed eum eos inventore eum. Aperiam sint cumque vel harum aliquam in error voluptate. Amet dicta maxime eum ut quibusdam cupiditate iste accusamus odio. Necessitatibus fugit aut at modi qui delectus sunt animi excepturi.,,"Customer Management, Accounting, Employee Management",9,Gabriel Mertz,
22,Bug Report,Amet omnis non culpa dolores tempore provident. Omnis blanditiis est.,,"Invoicing, Employee Management, Accounting, Inventory Management, Customer Management",10,Wesley Abbott,
23,Feature Request,Ut debitis aut illo dignissimos. Ratione fuga quas sint eum. Accusamus a minima voluptatem neque quo voluptatem. Accusamus culpa reiciendis voluptas nulla consectetur voluptates temporibus animi. Et repellat quis quibusdam qui repellat dolorum ea ut aut. Hic commodi dolorem natus expedita officiis a excepturi quo. Rerum nemo porro sit neque. Deserunt doloremque qui nemo et eum eveniet.,Nostrum natus fugiat dolores quia consequatur nesciunt voluptas pariatur cupiditate. Adipisci dignissimos aut ipsa in dolorem. Quia excepturi placeat et quasi quasi quae harum. Qui est quaerat asperiores et nulla animi iste sed. Dolor amet dolorem iusto incidunt vitae blanditiis est nulla dolores. Dolorem corrupti iure quis. Deleniti quam aperiam. Quaerat ut sunt est voluptas voluptatem. Qui natus ut nostrum.,,8,Mrs. Jo Langosh,
24,Comments,Cumque sint eligendi sint natus nesciunt sit aliquid et voluptatem. Quis accusamus molestiae blanditiis cum ut vel. Autem vel dolores. Et vel fuga est et sint eligendi est consequatur aut. Expedita suscipit consequatur.,,"Accounting, Inventory Management, Employee Management",0,,Beaulah.Emard@yahoo.com
25,Questions,Dolore sed eos et deleniti sequi. Quo at fugiat repellat quia voluptas aperiam expedita. Quis qui quam quibusdam impedit commodi.,Error eum dolorum itaque et et fugiat. Nihil suscipit nostrum rerum eum alias doloremque ut natus in. Aliquid ut perferendis nisi architecto facere. Architecto non consectetur quia aut exercitationem est at perspiciatis. Quo perspiciatis alias asperiores tenetur rerum nesciunt beatae et. Sunt quasi eos quia autem tenetur et nostrum qui accusantium. Fugit fugit nihil et.,,10,Cathy Hayes,
26,Questions,Et quibusdam aut cumque nihil dolorum perspiciatis. Nulla quam itaque repellat. Quaerat placeat ea facilis ut consequatur culpa cupiditate id. Laudantium qui natus. Et cum omnis itaque est molestias qui voluptas necessitatibus quaerat. Architecto ratione rem et aut voluptate sapiente et ut. Omnis fuga consequuntur perspiciatis voluptatibus aut perferendis rem ab quaerat. Ea culpa fugiat similique repudiandae nihil et aliquam.,Optio unde et doloribus blanditiis qui est qui. Voluptatem necessitatibus tempore autem delectus et. Qui non rerum. Et ut ut. Consequatur eos ullam. Eveniet et nesciunt rerum accusamus aliquam nesciunt perspiciatis. Enim maxime sunt aut amet quo. Expedita modi vero praesentium. Dicta ad porro.,,6,,Vallie_Lynch@gmail.com
27,Feature Request,Qui est exercitationem vel tempore aut dolorem molestiae culpa rerum. Quidem autem modi labore. Laborum totam quidem alias ipsum.,Voluptas quidem molestias totam illo et labore sit id. Esse non nobis. Voluptate tempore est cupiditate inventore nisi eos odit. Impedit reprehenderit est non et sit non asperiores fugiat. Dolor repudiandae ab accusantium maiores corporis non eos. Quia assumenda veritatis earum modi magni tempore qui dolores.,"Customer Management, Inventory Management, Accounting, Employee Management, Invoicing",3,,Zola_Windler6@yahoo.com
28,Feature Request,Eius consequuntur fuga qui. Ut eaque unde recusandae maxime asperiores dolore quo.,Provident ea et suscipit non perferendis consectetur ab quibusdam. Quos animi omnis consequatur cumque aut voluptates nesciunt officiis. Nulla est enim at. Aliquid quasi perferendis distinctio illo. Voluptates voluptas libero molestiae at vel. Vitae error aut quis in sequi sit. Repellat at sint voluptatibus illo delectus est neque.,,0,Vivian Kuhlman,Daisha.Bode52@gmail.com
29,Feature Request,Et consequatur dolorem dolore eos libero sequi corporis reprehenderit quaerat.,Reiciendis molestias quis quia soluta. Alias natus error. Officiis numquam iste dicta voluptatem veniam omnis.,,10,,
30,Questions,Reprehenderit at non sint voluptatum nisi cupiditate quo sunt. Quo eos similique rerum voluptas praesentium eum. Nulla atque ut iste totam. Accusamus deleniti facilis recusandae veniam. Sit cum et et in totam doloremque accusantium eos autem. Sit et pariatur iste soluta ducimus aut vel esse velit. Sed vel quia quam. Ducimus pariatur voluptatibus consequuntur omnis ipsa dignissimos animi qui temporibus.,,Employee Management,5,,
31,Comments,Unde eum placeat porro impedit consequuntur. Dolores maxime ratione sed. Ut sunt repudiandae sint. Rerum molestias sed asperiores iusto. Illo quidem nihil aut ipsam quas qui nostrum. Ut accusamus consequatur doloribus. Rem illum autem aspernatur placeat aut sunt.,Qui illo non mollitia itaque laboriosam ut at. Omnis nesciunt et eos quod saepe vitae dolores et. Nobis quis assumenda recusandae. Sunt veritatis quaerat eveniet eum ut molestias rerum. Voluptas iure sint officia. Illo rerum et rem fugiat blanditiis explicabo eveniet. Eum enim doloremque consequuntur vero pariatur corporis ut. Ut voluptas maxime sit. Ipsam quisquam expedita incidunt iusto cumque est laboriosam reprehenderit. Necessitatibus magnam animi.,"Customer Management, Employee Management, Inventory Management",10,,
32,Questions,Et odio sequi quia consequatur quae. Voluptates reiciendis voluptas fugiat. Tempora consequatur minus iure tenetur quia. Nostrum excepturi esse eum sit sapiente. Qui aspernatur labore. Omnis omnis ipsa qui id.,,"Accounting, Inventory Management, Employee Management, Invoicing, Customer Management",2,Miss Guadalupe Orn,
33,Comments,Voluptates impedit quis occaecati inventore alias consequuntur. Exercitationem consequuntur sit culpa et assumenda excepturi eaque. Autem vel nobis in quam autem officiis nisi aperiam voluptatem. Esse doloremque aut eaque. Autem nihil sequi inventore quae esse accusamus consectetur. Velit omnis fuga quos ea perferendis repellat nostrum. Omnis est ipsum quibusdam velit aliquid eveniet esse praesentium.,Nulla nobis quis aperiam. Sed dignissimos maxime libero eveniet voluptatem deleniti. Eos vero animi in. Qui eos et repellat. Ut delectus perspiciatis id et impedit non vero optio. Quia sed repellendus modi commodi adipisci. Et voluptatem vel deleniti ea architecto quidem.,"Customer Management, Employee Management",4,,Buddy5@gmail.com
34,Questions,Amet sapiente eveniet similique. Inventore et ducimus. Ad voluptate in quae ut. Eum porro dolorem et nostrum qui et laboriosam nihil. Omnis quia numquam est. Ipsum deleniti corporis itaque consequuntur aut. Ratione quia reiciendis voluptatibus sint. Nihil non voluptate ab molestiae et qui odio.,,,5,Vickie Pfannerstill,Emelia.Goyette@hotmail.com
35,Bug Report,Qui molestias consequatur impedit culpa illo quia distinctio illo enim. Nobis et quia architecto et unde quis quibusdam.,Similique deserunt alias eum eveniet aliquid. Delectus quaerat modi beatae esse dolor reprehenderit quibusdam culpa esse. Illo eaque consequuntur praesentium placeat minus.,,10,John Quigley,
36,Bug Report,Est repudiandae aut. Quod id enim enim aliquid consectetur et a explicabo nemo. Perferendis iure minima sed ipsa. Necessitatibus cupiditate totam. Et vitae quibusdam repellendus natus est autem. Quia aut non ea dignissimos perspiciatis rem nobis dolor. Dolore sunt aut quas est dolore quia voluptatem quo. Enim illum laborum.,,"Accounting, Customer Management, Inventory Management, Employee Management",3,Lee Toy,Itzel.Marks@yahoo.com
37,Feature Request,Laboriosam earum cupiditate autem blanditiis quod magni provident neque inventore. Quas saepe commodi tempora. Aut repellendus expedita voluptas consequatur sapiente reiciendis. Expedita harum fugiat culpa qui. Numquam fugit eos aperiam ut placeat. Mollitia qui unde eaque et qui laboriosam dolor. Culpa dolor unde.,Dolor perferendis enim itaque inventore et ut sed. Dicta voluptas a rerum. Autem neque doloremque animi quo harum. Ipsum magni qui beatae doloribus maiores tempore corrupti non eos. Eum commodi adipisci et.,"Customer Management, Employee Management",5,,
38,Comments,Quos tenetur asperiores labore maiores numquam reprehenderit. Rem recusandae officia officia enim impedit facilis et ab. Eligendi voluptatem autem enim et.,,,5,,Jaycee_Strosin69@gmail.com
39,Comments,Ut voluptatem odio voluptatibus. Inventore qui id sit libero iusto. Amet nobis dicta veniam quia repellat esse quod praesentium qui. Et laudantium odit ut explicabo. Quia vero maxime modi enim consequatur voluptatibus odit nam magnam. Laborum blanditiis aspernatur eaque omnis iure excepturi ut consectetur. Vitae ut voluptatem eveniet qui earum molestiae omnis eos. Delectus voluptatem expedita et eum porro.,,,4,,Kali34@hotmail.com
40,Feature Request,Voluptatem cumque debitis nemo saepe. Autem est esse harum. Deleniti quod voluptatibus aut id occaecati.,Illo est ipsum sed et. Expedita dolores maiores vel quo mollitia est repudiandae. Ut aspernatur esse eligendi facere vero est. Soluta hic doloremque omnis et labore. Sunt nesciunt aliquam eius quasi eos. Ut quo debitis qui tempore consequatur et sint omnis. Ipsum consectetur cum minima. Mollitia aut rerum voluptates facilis nostrum hic. Unde quisquam non quam reprehenderit deserunt corporis.,,1,,Jamel79@yahoo.com
41,Comments,Corporis sed rerum ea error et harum autem deserunt nam. Aut maxime fugit qui ipsa exercitationem amet magni quis. Non qui enim expedita velit adipisci. Exercitationem dolore provident maiores ut quia aut amet porro.,Enim consequatur consectetur incidunt assumenda distinctio facilis deserunt. Nihil eos et nam alias qui consequatur cupiditate. Repudiandae odit sed. Expedita reprehenderit et occaecati quasi a voluptates quidem aut atque. A tempore quis rerum et nihil voluptatibus consequatur velit.,"Customer Management, Invoicing, Accounting, Inventory Management",0,Ernesto Abshire,Adela75@yahoo.com
42,Questions,Recusandae voluptas voluptate sapiente tenetur voluptatum numquam odio voluptas explicabo. Et suscipit veniam blanditiis deleniti ut officia quia aspernatur. Sunt quas distinctio praesentium dolores unde. Quia suscipit sed.,Qui et debitis unde est magnam. Quia quia rerum suscipit culpa quisquam incidunt voluptatem. Qui aspernatur soluta praesentium. Accusantium est id id sunt ad totam.,"Invoicing, Customer Management, Employee Management, Inventory Management",1,,Brook43@yahoo.com
43,Comments,Dolores laudantium esse dolores distinctio sint aut modi.,,"Employee Management, Inventory Management",4,,Elton.Wintheiser39@yahoo.com
44,Feature Request,Eaque quae eum magni dolor voluptas cupiditate eos. Reprehenderit eum atque esse quibusdam culpa eos voluptatibus. Et cum nam in expedita qui molestias ipsum autem accusamus. Dolores eos et perspiciatis commodi in.,,"Employee Management, Inventory Management",3,,
45,Feature Request,Modi asperiores ratione. Sunt non velit aut aperiam quis adipisci fugit in. Est consequatur quia dolor.,Provident alias laboriosam. Ea vero cupiditate magni est similique fugit. Adipisci voluptatem at. Suscipit laborum cumque officiis quia consequatur cupiditate. Aliquid sit cum porro impedit. Officiis molestiae et voluptatem et voluptas voluptatibus quas adipisci. Recusandae ad soluta ipsa.,Accounting,7,,
46,Questions,Vero quia ut. Eligendi autem sint. Eum ut voluptas consectetur voluptas incidunt ut reprehenderit ut. Et rerum consequuntur autem quo voluptatem. Repudiandae corrupti sed qui. Modi molestias aut corporis quis sed consequatur ullam. Consequatur in ad enim. Eos eius blanditiis quas dolorem adipisci et quaerat.,,,7,,Consuelo_Brakus65@gmail.com
47,Feature Request,Cumque vel nihil illum. Quos sint eligendi. Velit accusamus placeat sit. Dolor repellat qui odio dolorem. Blanditiis doloremque non provident. Adipisci iusto similique et et veniam. Ea incidunt iste.,,,7,Paulette Von,Alexandrine.Lang19@gmail.com
48,Bug Report,Est in voluptate totam autem at reprehenderit. Nihil qui fuga impedit eveniet qui a nemo. Rerum ut unde harum. Molestias ipsum blanditiis ipsa enim. Possimus fugit id quas veritatis praesentium ipsam a.,Et qui pariatur fugiat eum ea in. Esse architecto dicta reprehenderit id voluptas veritatis non. Molestiae officia quo ex voluptas dolorum. Et rerum delectus qui.,,4,Faye Towne,
49,Feature Request,Voluptas voluptatum tenetur minus. Incidunt temporibus rerum asperiores consectetur omnis velit beatae et. Ad saepe delectus enim voluptatem. Necessitatibus labore sunt dolor nesciunt.,Nihil optio expedita quam magnam consequatur asperiores nam ut. Eum sed illum qui rerum cupiditate quia. Ratione quae porro molestiae non eius. Mollitia deleniti aut et quam.,,2,,
50,Feature Request,Optio ipsum et id blanditiis rerum. Beatae sed perferendis laudantium quia. Occaecati incidunt soluta. Necessitatibus tempore facilis delectus veritatis eum quas itaque voluptas laudantium. Labore voluptatem sunt repellendus blanditiis soluta fugiat possimus consequatur. Ex enim totam molestiae voluptate omnis nihil reiciendis quibusdam.,Explicabo omnis id iste earum blanditiis nihil dolores deleniti quia. Ad ut aut accusantium quod dolores. Ipsam earum aspernatur modi nihil veritatis. Corrupti dolor consequuntur eligendi eaque accusamus sed.,"Employee Management, Accounting",3,,
51,Bug Report,Aliquid cumque debitis esse non modi nemo tempora quia. Eos et consequatur delectus porro vel quia quia sunt et. Inventore ipsum et. Qui repudiandae sed aut et molestiae. Est dolor doloribus explicabo autem. Voluptatem sunt fuga totam dolor ex placeat quas minima. Laboriosam repellendus nemo eum.,Explicabo quia rerum id. At repellendus doloremque facilis. Perferendis autem officiis distinctio laboriosam temporibus quidem pariatur. Vel ut iure ut dolorum. Temporibus ut at qui quo. Sed aut et excepturi. Necessitatibus vero maxime.,,7,Dennis Kautzer,Margarett_Muller@gmail.com
52,Bug Report,Id adipisci sunt atque repudiandae omnis animi voluptas. Quisquam voluptates nihil voluptas inventore dolore qui quis non. Doloremque officia modi rerum non doloribus sit repudiandae. At nostrum odio. Aut voluptate est expedita eos suscipit. Sequi aspernatur sint facilis atque odit laboriosam.,,"Inventory Management, Accounting",5,Winifred Rau II,
53,Questions,Hic qui et quidem illum libero architecto ab enim. Quis molestiae tempore magni mollitia error unde nemo eaque. Nihil omnis tenetur illum. Et accusamus nesciunt sed rem. Saepe laboriosam eius veniam pariatur. Odio adipisci similique dolore dolorem dicta. Necessitatibus vero qui ut ipsa.,Molestiae aliquid nam. Animi architecto quia iste et a nostrum voluptas veritatis. Accusantium sint et aut perspiciatis asperiores ut. Minima qui assumenda ad aut necessitatibus eos. Dolor consequuntur a natus sint consequatur et commodi magni. Aliquid modi voluptatem amet explicabo corporis est. Eius omnis impedit blanditiis impedit laudantium non. Est vitae numquam reiciendis quam voluptatibus dolor ipsum. Quasi quae accusantium a alias aut accusamus animi. Deserunt nisi odit consequuntur ea architecto quam eum doloremque excepturi.,,10,Sylvia Botsford,Wilhelmine_Franecki84@hotmail.com
54,Feature Request,Aliquid eligendi quis.,Aliquid possimus perspiciatis voluptas corrupti repellendus perspiciatis fugit nesciunt sunt. Libero error molestiae magni blanditiis qui repellat libero qui. Inventore et sed facere doloribus beatae accusamus aperiam accusantium. Omnis et dolore sunt pariatur dicta. Exercitationem et est sint corporis repudiandae vitae aut in. Delectus praesentium in ullam blanditiis.,,3,Daryl Ritchie,Skylar.Jenkins@yahoo.com
55,Bug Report,Et commodi eum tempora in ut maiores possimus qui.,,"Inventory Management, Accounting",4,Otis Gulgowski,Shania.Pfannerstill@gmail.com
56,Questions,Magni vel quisquam magni atque ut vel aut ipsa. Sapiente est ducimus. Omnis quisquam architecto nesciunt omnis voluptatem vitae laborum. Soluta eveniet nulla eos.,Eaque explicabo unde. Iure fugiat ducimus. Aspernatur dolorem et repellendus iure. Aut ut voluptatem laborum velit vel non magni. Modi neque ducimus dolorem consequuntur voluptas. Quasi veritatis a molestiae culpa perferendis unde esse consequuntur qui. Iste recusandae aut dolore ut voluptas. Dicta sequi quis excepturi neque quia omnis corporis. Harum dolorem et eos.,,3,,
57,Questions,Inventore dolor quia illum ut amet. Corrupti consectetur repellat aut numquam. Delectus et et exercitationem a recusandae.,Consequatur reprehenderit ducimus. Corrupti perspiciatis quia magni iure ut quia dolorum. Rerum ut ullam eos rerum iusto. Ipsam porro quis tenetur autem ad consequuntur. Possimus debitis sit aliquam officia consequatur aut. Ut consequatur aperiam et a et assumenda. Est maxime distinctio laboriosam vel aut aut voluptas consequatur. Ea velit ea esse. Sunt harum quasi at eum qui voluptatem. Accusamus illum sed quae.,,9,,Raleigh_Windler7@gmail.com
58,Questions,Omnis id laboriosam culpa quo est. Incidunt sed ut quae nihil enim. Quo nihil explicabo enim aut vero repellendus possimus. Fugiat quod non repellat aliquid itaque ut corrupti labore eligendi. Atque provident voluptas ut rerum cupiditate dicta. Id dolor saepe et dolorum dolorem quia sit incidunt ipsum. Incidunt culpa cumque maxime iste et vel laudantium.,Enim saepe dignissimos est velit corporis temporibus. Consequatur est et quos. Saepe temporibus quae maiores non eveniet et. Omnis sed ut porro molestiae quia.,"Employee Management, Accounting, Invoicing, Inventory Management, Customer Management",3,Pearl Nader,Jefferey.King@hotmail.com
59,Feature Request,Et dolores eius. Quasi quo molestias expedita aut ullam ipsam delectus mollitia. Et qui veritatis repellat.,,"Customer Management, Inventory Management, Accounting",5,,
60,Feature Request,Cum et saepe eligendi quibusdam voluptatem modi quos. Non quia omnis enim deleniti vel commodi. Non molestiae tempore rem. Enim cum similique cupiditate dolor reiciendis voluptatum. Iusto consequatur a ex nostrum. Consequuntur quo voluptates cum est nostrum tenetur qui enim.,Doloribus voluptatem enim consequatur et rerum aut consequatur ratione doloremque. Itaque dolor omnis. Sapiente in illo dolorem odit voluptatem. Qui omnis ipsa dolor qui laudantium assumenda illum. Fuga necessitatibus optio veniam blanditiis est facere earum. Quo distinctio molestiae minus beatae voluptatibus aut beatae nesciunt.,"Accounting, Inventory Management, Employee Management, Invoicing",3,,
61,Bug Report,Qui aperiam ut aut dolorem esse doloribus qui. Distinctio consequatur et voluptas ipsam veritatis laboriosam accusamus illum. Sequi sit voluptatem voluptatibus aut. Aut est qui accusamus ipsa quo est sequi. Illo et rerum.,,,5,,Alvena59@hotmail.com
62,Bug Report,Commodi quisquam quia nobis qui aut veniam eos aut occaecati. Fugit voluptas sed consequatur tenetur cupiditate culpa magni illum. Porro esse optio modi voluptatem dignissimos error sunt incidunt. Amet ea numquam nobis sequi. Alias quis vel est veniam possimus. Unde alias ut debitis qui impedit quaerat repudiandae ratione velit. Ut exercitationem fuga sit nulla omnis nostrum quia. Ratione ea qui iste odio.,,,9,,
63,Bug Report,Blanditiis quae quis. Exercitationem consectetur tempora fugit in voluptatibus minima commodi placeat. Soluta ipsam impedit tempora voluptatem qui dolor veritatis odit sit. Repellendus consequatur quos maxime et eos sed quaerat. Deserunt est impedit est dolorem molestiae hic. Harum aut ut.,Voluptas aut et velit quasi et non natus atque. Aut corporis harum eaque id ea blanditiis alias sed molestiae. Dignissimos praesentium laboriosam. Culpa mollitia nostrum fugit odio eum vitae iure in dolor. Delectus aut ut labore et a et velit iste. Voluptatem eveniet exercitationem minus aspernatur ipsum reiciendis.,"Inventory Management, Invoicing, Accounting, Customer Management",5,Kathryn Berge,
64,Feature Request,Reprehenderit maiores ipsa. Accusamus aut et vitae in itaque.,Aut blanditiis sed fugiat. Est fuga molestiae exercitationem. Sint qui beatae ut temporibus. In qui ducimus odit.,,0,Roxanne Quigley,Elfrieda23@gmail.com
65,Comments,Ut dicta voluptatum vero nobis veniam. Nihil illum voluptatem veritatis. Minus ex accusamus cum fugit. Est fuga id nulla aut aperiam consequuntur maiores. Itaque molestiae dignissimos id fuga soluta modi.,,"Accounting, Customer Management",6,,
66,Questions,Et facilis sunt quod. Occaecati maxime sint voluptatem. Pariatur qui beatae at incidunt. Excepturi iusto repellat voluptatibus labore saepe sapiente vel earum. Dignissimos dolor quo totam corrupti cumque. Error aliquid ut dolores ea dolor in illo voluptatem aut. Quidem sunt sit dolor voluptatibus numquam ut odit dicta illum. Commodi molestiae sed ullam nihil.,,Employee Management,4,,
67,Bug Report,Dolorem omnis necessitatibus aut harum. Consequuntur ut voluptatibus qui voluptatem est quibusdam tempora est voluptas. Voluptatem voluptatem dolorem. Voluptatem vel repudiandae. Dolor quis et voluptas. Minus quam voluptatum expedita sed tenetur consectetur magni.,Blanditiis ad aut. Reiciendis maxime autem autem facilis omnis enim quia. Est nihil nihil cumque eius eaque veritatis non at tenetur.,"Invoicing, Employee Management, Inventory Management",8,,Bonnie74@yahoo.com
68,Questions,Quis dolores facilis. Deleniti explicabo doloribus accusamus sunt debitis vel. Fugiat laborum aut id soluta voluptas.,Aspernatur necessitatibus dolorem harum consequatur odit fugiat officia ut. Consequatur officiis at architecto labore corporis quis officiis quaerat. Vero fugit quo blanditiis. Nihil vel harum odit pariatur ut expedita fuga accusantium atque. Sunt officiis fuga debitis a ipsam vitae nulla. Placeat facere molestias vel aut cupiditate aliquam.,"Employee Management, Accounting, Customer Management, Inventory Management",4,,
69,Bug Report,Necessitatibus dolor exercitationem distinctio optio ut. Et quia rem sunt quis fugiat voluptatem molestias dolorem. Quia incidunt suscipit pariatur possimus.,,"Invoicing, Inventory Management",6,Marilyn D'Amore IV,
70,Comments,Nihil eum ipsum eligendi ducimus enim occaecati ipsam. Deleniti iusto asperiores aut et quia sint tempora quam omnis.,,,2,Gayle Predovic,Bernita_Quitzon@yahoo.com
71,Comments,Et aspernatur a qui facere eos eos dicta reiciendis sapiente. Commodi qui et. Dolores hic id odio eos voluptatum qui. Expedita non autem.,Pariatur officiis dolores quae. Consequatur eum fugit ut provident quam quos id. Debitis asperiores sit nulla saepe nam omnis consequuntur. Reiciendis voluptas alias. Consequatur sunt incidunt iusto architecto. Non sunt esse maxime distinctio dignissimos nihil aut tempora aut. Est reiciendis officia vero et sapiente aut porro. Eum nihil quo rem veniam.,"Inventory Management, Invoicing",8,,
72,Bug Report,Dolorum facere ut ea ipsam delectus. Animi delectus praesentium magnam ut praesentium voluptates omnis. Est voluptatum eum eum eius libero. Ut commodi fugiat ea eius pariatur quia quae dolor aut. Quidem animi mollitia beatae voluptatum perferendis minus. Saepe nihil ab repudiandae eius. Dolor sint commodi omnis nostrum sit voluptas voluptates iste.,Reiciendis rem velit. Beatae ut maxime voluptatem quis voluptate reiciendis a repellendus. Et dolores sit est iste maxime. Repellat vel tenetur ut ex provident aperiam eos nobis.,,10,,Anita_Homenick43@yahoo.com
73,Bug Report,Sed totam eos assumenda velit. Natus quos et voluptatum consequuntur voluptatem sit. Ipsa voluptatem dolores consequuntur laborum quis quod qui.,Distinctio iste excepturi quia molestiae culpa maxime. Sed voluptate illo iure. Voluptas ipsam dolores. Quia minus optio. Id aut ratione rem.,"Employee Management, Inventory Management, Invoicing",9,Debra Durgan,
74,Questions,Consequatur quis sunt odit eum laboriosam similique. Perferendis ea laborum et vel fuga non doloremque reiciendis odio. Animi quae eos. Non sint soluta tempora quia. Qui consectetur ab et expedita. Et eveniet mollitia.,,,9,Kristie Larkin,
75,Questions,Numquam qui molestias et et corporis eos laudantium rerum. Eum iste quos corporis.,Eum expedita aut tempora qui possimus ipsum nam officia. Laborum sed maiores omnis qui facilis. Omnis sunt sapiente ut assumenda ipsum deleniti natus qui. Debitis deleniti magnam voluptates cumque molestiae dignissimos quaerat illum. Occaecati voluptas dolore. Rem omnis ducimus iure non. Numquam labore itaque dolores magni ea fuga tempora explicabo. Reiciendis recusandae aut doloribus consequatur. Sunt nihil dolorem ex rerum est qui molestiae. Distinctio non quo ad magnam labore aut dolorem reprehenderit assumenda.,"Accounting, Customer Management, Invoicing, Inventory Management",6,Mrs. Josefina Murphy,
76,Comments,Quod soluta libero quam vitae voluptatibus delectus quaerat voluptatem. Sit alias voluptatem iste magni dignissimos.,,,4,,Ramiro_Murray66@gmail.com
77,Comments,Excepturi dicta aut nam quo sit repellat. Voluptatem est ea.,Sint deserunt consequatur cum nam enim voluptatem unde. Placeat ullam et eligendi ipsa quia consequatur. Repudiandae eos architecto nihil dolores quia aut. Sit est autem pariatur sed repellendus porro porro est aut.,"Inventory Management, Customer Management, Employee Management, Accounting",2,,
78,Questions,Tempore reiciendis at dolorem rerum delectus nobis saepe quia in. Facilis voluptatem fuga facere. Voluptas possimus voluptatem aut enim cupiditate error sint officia sequi. Dicta aut tenetur omnis. Blanditiis quia sapiente commodi. Beatae similique nobis placeat. Rem ut voluptatum adipisci dolor sit et. Dolor voluptates voluptas soluta fugiat perspiciatis voluptas saepe ipsa.,Veritatis repellat qui ut sunt et rerum repudiandae omnis. Et temporibus et. In eveniet autem ut unde accusantium reiciendis. Ea est id nemo esse. Nam non sed consequatur. Quas est odit atque cupiditate. Veritatis necessitatibus eum mollitia reiciendis est quo vero ut corrupti. Ut neque velit porro perspiciatis velit quos culpa. Nostrum sequi est et iure eum architecto. Atque porro vel quis.,Accounting,0,Jeannie Kihn,
79,Feature Request,Sapiente aut cupiditate qui id voluptatem illo non consequuntur.,,,9,Kenneth Lebsack,
80,Feature Request,Provident perspiciatis nihil. Non consequatur quia atque est. Adipisci sed quia enim sed provident eius. Omnis officia nihil ab totam saepe eligendi placeat. Impedit perferendis dolorem et est fugiat provident. Veniam ipsum velit iste et esse iusto ipsum nam magnam.,,,5,,
81,Questions,Est iusto qui molestiae. Earum in rerum. Quia iure sunt. Repellat qui enim. Et autem sunt ea sunt quod necessitatibus ad nostrum quia.,Eos reiciendis quisquam eos maiores aperiam eius ducimus. Magni provident porro enim voluptates quia. Dolor aut minima quia. Accusantium repudiandae totam aut aut vel perspiciatis pariatur. Illo alias illo laudantium ut illo cum quis reiciendis velit. Aut nobis sed sed magni. Odio velit minima eum adipisci voluptatum corrupti quae. Quos qui earum possimus impedit rerum.,"Customer Management, Accounting, Employee Management",9,Lester Osinski,Percy_Mueller@hotmail.com
82,Comments,Ad quis omnis officiis optio. Iure a soluta repudiandae. Aut perspiciatis sunt aliquam fuga voluptatem est.,Quisquam non reprehenderit dolores omnis quibusdam eos. Reprehenderit eos rerum rerum harum expedita quod saepe nihil. Et eaque omnis eum dolor vel. Adipisci suscipit officia laudantium et dolorem. Culpa omnis minus non voluptate occaecati maxime. Ab accusantium consequatur voluptatem eum eos natus voluptatem expedita consequatur. Voluptas voluptas inventore. Aliquid dolorem reprehenderit autem rem maxime cum rerum ad cupiditate. Doloribus fugit odit ea porro saepe nulla quas et cupiditate.,,8,Saul Block,Julian.Sauer@hotmail.com
83,Comments,Quos dolorum ut odio sequi vel consequatur velit corporis. Quidem quas et dolore deserunt totam perferendis qui aliquid. Officiis sunt asperiores error sed culpa cupiditate quia aut. Tempore rem harum esse deleniti est maiores quia consequatur. Provident aut sunt sit. Consectetur enim neque. Aut quo est qui repellat provident repudiandae voluptas ex aut. Nam sed accusamus in ratione.,,,10,,Norma.Rodriguez@yahoo.com
84,Comments,Et temporibus dolores quia nihil. Et fugit vel magnam. Sed reprehenderit et accusamus.,,,6,,
85,Questions,Officiis alias sapiente quae consequuntur praesentium.,,"Customer Management, Inventory Management, Invoicing, Employee Management",10,,Garry_Dach6@gmail.com
86,Feature Request,Hic quia totam voluptas quisquam omnis natus in.,Fuga quis a omnis exercitationem consequuntur alias. Rem facilis sapiente. Nihil rerum eos aspernatur. Eius velit perspiciatis. Ea aut dolores voluptas velit excepturi earum quo recusandae neque. Fugit ipsum amet optio recusandae. Aliquid quo provident provident suscipit soluta. Esse nam consequatur odit tempora nemo blanditiis quibusdam officiis et. Quae quae qui nesciunt doloribus dolorem saepe aut quia.,Inventory Management,6,Byron Monahan,Chelsey.Fadel@gmail.com
87,Comments,Eos ipsa excepturi nemo odio aliquam neque minima illo molestiae. Magni sapiente maxime quia qui ut sed qui accusantium deleniti. Quis corporis ut qui omnis dolores tempora. Laboriosam et quibusdam perferendis. Corporis voluptatem mollitia hic magnam et. Unde quia ipsum.,,,10,Dwight Borer,Elva.Rau7@hotmail.com
88,Questions,Dolorem suscipit magnam excepturi asperiores fugiat deserunt. Incidunt voluptatem distinctio sit ut recusandae suscipit quis vitae. Inventore blanditiis error iusto possimus laborum. Natus pariatur est non iste consequuntur aspernatur et in praesentium. Dolorum quod odit explicabo fuga mollitia aut. Rerum quo distinctio libero odit. Nemo nemo corrupti accusantium. Numquam maiores voluptate sunt impedit iusto minus mollitia et.,,Inventory Management,4,Dolores Stroman,
89,Questions,Ad vel labore libero.,,,7,,
90,Questions,Ut dolore quibusdam quia excepturi tempora. Numquam ea qui rerum est amet et quo. Accusamus suscipit repellat sunt voluptas vel fugiat impedit. Et recusandae quos at. Distinctio et quis fuga sed beatae. Explicabo impedit veritatis sit. Ut nostrum dolor consequuntur dolores sunt voluptatem totam excepturi velit. Dolores hic magni ipsum aut.,,"Employee Management, Inventory Management, Customer Management, Invoicing, Accounting",0,,
91,Questions,Repellat optio itaque. Non ratione accusantium sequi doloremque. Alias voluptas autem fuga. Quis fuga soluta et distinctio dignissimos dolorem nobis omnis totam. Asperiores dolore tenetur totam vel facilis assumenda. Sed et amet aut. Eum a non hic molestiae id consequatur quibusdam numquam quisquam.,,,9,,Marietta30@gmail.com
92,Comments,Consectetur et assumenda quo quia. Et optio voluptatem autem mollitia illum velit sint eum. Repudiandae nihil modi delectus ea doloribus quis possimus. Sunt quo voluptate enim architecto distinctio et neque sit sit. Suscipit sunt dolores repellendus. Placeat eligendi atque officiis ullam.,Consequatur sed est nihil reprehenderit. Adipisci enim quo sit ab sed eum est officiis. Natus qui non repellat eos in deserunt veritatis sed. Animi est quo. Necessitatibus est aperiam accusamus amet. Assumenda aut velit voluptatibus veniam dolorum maiores odit et. Illum ea ad veritatis. Delectus corrupti nisi hic enim pariatur occaecati distinctio aut. Dolores aliquam dolor quas sequi totam ullam accusamus velit. Enim nesciunt eos ea corrupti aut et quisquam.,"Inventory Management, Employee Management, Invoicing, Accounting, Customer Management",7,,
93,Comments,Est ab aliquid reiciendis. Animi vel vero facilis aut deserunt. Qui voluptates ea est. Veritatis incidunt dolorem maiores. Odio praesentium tenetur tempore magnam error impedit in iure.,Quos labore consequatur qui dolorum eos enim. Quo ullam maxime iure natus. Quaerat quaerat inventore quisquam in. Sint velit id accusantium quia quas inventore rem tempore. Atque sapiente quas adipisci et. Inventore officiis laborum soluta officiis perspiciatis occaecati quis rerum ut. Architecto est nesciunt explicabo autem. Quis est corrupti cumque sunt enim repellendus omnis culpa.,,8,,Dorothy50@hotmail.com
94,Comments,Ut eligendi sunt. Magnam mollitia velit incidunt ipsam dolorem doloribus molestias. Veniam voluptas placeat odit omnis atque et. Possimus dolorem esse. Quibusdam culpa repellendus ducimus ratione. Velit deleniti vero in aliquid tempora a quo corrupti. Qui praesentium quia.,Id ex et quod odio. Delectus molestias veritatis exercitationem et deserunt dicta quis error et. Et iure voluptas ex.,,1,,
95,Bug Report,Tenetur et similique voluptas fugiat consequatur. Ut molestias qui ea dolorem. Quae distinctio quos perferendis unde voluptatibus inventore fuga. Omnis dolore harum blanditiis non consequatur magni sapiente. Tempora et non ut inventore fugit pariatur aliquam molestiae. Id molestiae atque id aut aliquid sit.,Aperiam at voluptatem eum. Enim ab fuga. In officia consectetur velit ab illo voluptas omnis veniam consequatur.,,3,,Katharina10@hotmail.com
96,Questions,Possimus et dignissimos laboriosam eveniet rerum.,,"Invoicing, Inventory Management, Employee Management",7,,Evan.Sauer61@yahoo.com
97,Questions,Eum distinctio laudantium assumenda et consequatur unde voluptatum cumque dolores. Sed assumenda expedita est dignissimos reprehenderit quam cumque id esse. Iste eius quas odio. Accusamus consequatur eius qui quia aut qui consectetur suscipit. Labore temporibus itaque aut explicabo rerum eaque ipsa natus. Velit sint quia eaque atque. Voluptatem pariatur dolore nemo hic quaerat consequatur quia laboriosam earum.,Aut molestiae incidunt est officiis dolores laboriosam qui. Sequi nihil optio modi eum sequi aut. Sapiente hic dolores explicabo. Odio et magnam et aut aut ut quibusdam cum rerum. At harum excepturi maxime vero ex autem quia. Eum qui ducimus tempore. Quis repellat cumque dolor rerum perferendis et nisi. Est id ullam fugit. Rerum eveniet sunt expedita magnam explicabo.,,5,,Antonetta1@hotmail.com
98,Comments,Ex et fugit nihil. Incidunt aut adipisci et maxime aut ut inventore. Non veritatis temporibus et qui voluptas voluptatem quo et quos.,,"Employee Management, Inventory Management",9,,
99,Comments,Quas expedita iusto consequuntur. Eaque illo eos eius maxime iure sunt facilis in. Non quia nihil sint possimus rerum omnis et provident tempore.,,"Accounting, Customer Management, Employee Management, Invoicing",6,,Florida_Kautzer@yahoo.com
100,Feature Request,Eos voluptas nihil modi. Alias aliquam ducimus. Assumenda debitis et tenetur reprehenderit aut. Quis adipisci saepe doloribus pariatur velit tempora. Voluptatibus dolores perferendis maxime in sunt possimus. Atque dignissimos cum sed et et vero sint iusto. Molestias beatae in id sed.,Quia molestiae ut corrupti dolores et voluptates. Aut maxime explicabo mollitia sint inventore voluptatem. Doloribus maiores nulla accusamus doloremque temporibus itaque sequi ea. Minima est quia saepe voluptatum iusto officiis.,"Invoicing, Customer Management",4,,Dejuan_Goodwin57@yahoo.com
101,Comments,Unde soluta ad voluptatum rerum consequatur et et qui. Doloribus voluptatum eveniet vel quia quia. Quam pariatur iure sit quas distinctio similique sed aut. Saepe minima sapiente accusamus reiciendis quasi omnis. Vitae quaerat est quisquam itaque laudantium voluptatibus nihil aspernatur pariatur. Facilis voluptas cupiditate qui. Dolorum eos officiis vel.,Dolorem accusamus soluta asperiores suscipit tempore suscipit tempora veniam. Dicta deserunt dolorem voluptas ab facere. Explicabo esse odit iusto. Magni provident voluptatem possimus dolores tempora cupiditate iure. Placeat commodi pariatur.,Invoicing,4,,Jordy.Homenick38@gmail.com
102,Comments,Necessitatibus modi vel. Et libero fugiat quas quo non voluptatem et. Est ut distinctio recusandae itaque laborum enim et ipsum nesciunt. Accusantium inventore porro enim qui ad fugit. Ipsum voluptas quia.,,"Invoicing, Accounting",6,Nancy Gerlach,
103,Questions,Unde eius in dolores voluptatibus neque quo illo sit. Rem natus quo aut veritatis quo dolores provident. Optio quia illo sed ducimus numquam ullam delectus rem. Fugiat et eaque unde facere adipisci voluptas dolore et blanditiis.,Sit cupiditate similique et quia perspiciatis tempore omnis. Modi qui cum eveniet eum quia consequatur enim est. Velit et exercitationem doloremque tempore ad error exercitationem eum dolor.,,4,,Tomas.Purdy6@hotmail.com
104,Comments,Sit nulla commodi at occaecati magnam. Et numquam magni reprehenderit. Et architecto perspiciatis sapiente quae placeat. Asperiores aut qui deleniti non ut.,Voluptatibus voluptatem tempore error in similique sint error. Accusantium corporis at velit voluptatibus sit officia eos error suscipit. Excepturi et totam est repellendus aspernatur. Voluptas aliquid consequatur necessitatibus corrupti consequatur. Debitis laudantium cupiditate odit eos in similique ut est. Qui nisi nemo recusandae libero quaerat cum. Laboriosam saepe voluptas dolores porro quia.,,6,Melba Davis,
105,Bug Report,Provident dicta consequatur ad. Placeat harum modi beatae rerum nihil. Non consectetur libero aliquid accusamus quis ex suscipit. In doloremque dolorem minus consectetur. Quisquam explicabo odio corporis at. Reiciendis vel laboriosam fuga quidem accusantium earum.,Accusantium voluptatem atque possimus reprehenderit sit quia aut iusto consequatur. Omnis itaque officia. Ratione nemo occaecati illum molestiae ipsam minus. Eum sint aliquam a unde. Dignissimos temporibus deserunt et et excepturi. Quam est dolores consequatur. Recusandae consequatur et omnis enim suscipit voluptatem corporis fugiat aut. Dolor quos facilis. Rem enim quisquam libero voluptas iste et. Veritatis fugiat et officia sit at excepturi et qui laudantium.,Customer Management,3,Marshall Streich,Tevin44@hotmail.com
106,Comments,Voluptatem et iure eius recusandae hic aliquam ut unde officiis.,,Inventory Management,1,Tina Grimes,Mandy.Bergstrom54@hotmail.com
107,Comments,Fuga impedit hic amet sunt molestiae. Aperiam commodi debitis aut. Voluptatem alias explicabo.,Aut sapiente facilis mollitia. Autem quia neque ea. Vero quibusdam aliquam et temporibus ipsum qui. A eaque qui quidem quo qui aliquam ab nisi in. Earum a saepe suscipit at. Praesentium excepturi deserunt cumque impedit reiciendis enim unde repellendus sit. Doloribus est reiciendis amet sint cumque pariatur consequatur laudantium.,"Inventory Management, Accounting, Invoicing, Customer Management, Employee Management",6,Jeffrey Mante,Tristian_Mertz71@hotmail.com
108,Feature Request,Est qui earum sapiente est. Suscipit rerum quia omnis harum et. Facilis et id explicabo hic optio et explicabo voluptas. Ut in a sed amet. Accusamus dolorum veritatis qui et natus quisquam nemo iusto.,,,9,,Angela86@yahoo.com
109,Comments,Qui molestiae facere impedit distinctio ea.,,"Employee Management, Accounting, Inventory Management, Invoicing, Customer Management",6,,Serena87@yahoo.com
110,Questions,Repellendus rem delectus nulla officia voluptatibus rerum ducimus exercitationem. Est sequi in incidunt sed consequatur in qui velit. Dolorum et temporibus corporis est incidunt minima inventore quisquam asperiores. Maxime et dolor sit dignissimos magni explicabo ratione cumque. Quos inventore placeat sunt sed ut possimus praesentium.,,,10,Lionel Robel,
111,Feature Request,Quo blanditiis corrupti voluptatibus excepturi modi harum. Perferendis quaerat tempore aliquid inventore quibusdam officiis reprehenderit.,Sapiente occaecati est iste reiciendis quia voluptas quo. Explicabo recusandae maiores saepe laborum. Beatae suscipit quasi nam. Pariatur velit aut pariatur itaque distinctio necessitatibus adipisci aliquam suscipit. Iusto a soluta. Fuga et aliquid iure temporibus aperiam in sed. In incidunt dolor consectetur quis. Amet quod vel et. Necessitatibus ea doloremque possimus sit repellat minima. Asperiores nisi enim expedita tempore quia quae.,"Customer Management, Employee Management, Accounting",6,,
112,Feature Request,Veritatis adipisci dicta deleniti. Reprehenderit natus reiciendis esse animi nulla. Earum nobis itaque cum.,,,7,,
113,Questions,Sint nihil ea quidem reprehenderit id. Eaque ut tenetur eos provident odit. Facilis repudiandae explicabo eum dolorem cum repudiandae. Est voluptatem nostrum labore consequatur ut perferendis architecto pariatur. Sint qui fugiat atque animi rerum optio. Nisi ratione quo saepe sit maxime. Eius cum ut cum mollitia aliquam.,,,4,,
114,Comments,Velit qui enim ipsum id aut accusamus. Repudiandae qui et hic consectetur voluptates error. Eos et odit deleniti architecto.,Voluptas suscipit fuga enim. Dolor saepe quam qui modi at harum vel. Nesciunt voluptatibus magni sequi eveniet quis totam quidem. Quo rem voluptatum dolores sit consequatur. Dolorem omnis facere officiis consequatur veniam explicabo.,Invoicing,6,,
115,Comments,Itaque esse distinctio qui reiciendis pariatur temporibus suscipit. Natus maiores repellat nisi doloribus nisi illum et. Voluptate expedita veritatis quia ab.,,Inventory Management,10,Penny Beatty,Jammie.McClure@hotmail.com
116,Comments,Voluptas reprehenderit accusamus voluptatem qui. Debitis aliquid et iusto dolore dicta illo ad. Dolorum iusto facilis quod atque eos. Est reiciendis nihil sit quos eligendi aliquid tempore harum ut. Totam et sed dolorem. Quasi et alias dolorem ratione cum qui quisquam. Est eligendi ad deserunt ratione saepe aliquid quos. Iusto minus libero nam eius exercitationem architecto sed itaque iusto.,Reiciendis qui dolores sint ipsum qui quos sit nihil temporibus. Cum quae quo iure fugit. Molestiae eaque totam. Deserunt aut autem enim. Ut omnis sint dolores.,,10,Denise Tromp,
117,Bug Report,Excepturi rem est. Dolorum nemo quidem cumque animi aut iure. Maiores eum rerum nisi.,,"Employee Management, Inventory Management, Customer Management, Invoicing, Accounting",9,Alfred Gibson,Violet.Klocko53@gmail.com
118,Comments,Possimus aliquid rem illum quaerat. Occaecati quidem consequatur magni delectus veritatis autem nulla dolor. Earum rerum accusantium modi itaque quis amet.,Consequuntur ipsa cum odio omnis earum. Iure officia architecto nihil. Harum ducimus qui eaque quo aut similique quisquam consequatur. Sunt tempora quo aut quo velit exercitationem. Quo odio aliquam voluptatem porro molestiae ut aut sapiente. Sunt assumenda rem officiis. Necessitatibus sit reiciendis at. Qui laboriosam vel.,,7,Ana O'Connell,
119,Feature Request,Et eum neque reiciendis consequatur cupiditate deleniti aut.,,,2,Celia Fisher,
120,Questions,Ea quis vitae autem accusamus. Sunt expedita facilis est aut et blanditiis aspernatur ut rem. Dolore et repudiandae atque cupiditate et suscipit ullam id unde. Ut voluptatibus praesentium voluptas animi enim veritatis eveniet nulla. Unde expedita est quo. Similique et enim voluptatem error tempore. Ea iusto voluptas asperiores. Dolorum rerum sunt ut mollitia voluptatem.,,,3,,
121,Questions,Quidem rem cumque nihil doloremque quisquam ut qui facere quod. Voluptate ut consequatur qui ea optio accusamus natus rerum. Accusamus modi sit iusto sapiente consectetur aut. Expedita voluptas dolorum voluptatem voluptas et repellendus. Quo similique dolorem inventore veritatis sint tempora totam assumenda. Dicta voluptates iure beatae quos deleniti facere.,,,9,Julie Stoltenberg,Evans.Beahan41@yahoo.com
122,Feature Request,Et illum maxime aut reiciendis ut. Minima voluptatem magnam sequi odio ipsa reiciendis.,Quis doloribus corrupti beatae et et blanditiis. Magni sit rem maiores illo velit. Sed dolorem eaque. Consectetur magnam eum assumenda. Quaerat consectetur similique voluptatum officiis. Cupiditate velit magnam eius occaecati minus qui nemo. Qui dolores est voluptas alias natus. Omnis ut delectus vitae debitis excepturi itaque eaque voluptatem. Voluptatem sed quia natus minima amet. Magni temporibus qui facilis.,,9,,
123,Bug Report,Sequi consequuntur laborum sint nulla. Autem provident officia. Aliquam assumenda repudiandae et voluptatem illum et id consectetur id. Quam accusamus et quo possimus est natus. Reprehenderit et atque ut nisi vero aut est voluptas. Quo tempora eveniet velit excepturi. Iste autem minima.,,,9,Mattie Tremblay III,Alanis81@gmail.com
124,Bug Report,Doloribus et voluptate praesentium qui necessitatibus odio.,,Customer Management,1,Bobbie Ortiz,Diana96@gmail.com
125,Questions,Nostrum est est quam soluta numquam unde. Illo doloribus quia et unde amet nam expedita ad quod. Et ut qui. Laudantium in perferendis sit a magnam dolore. Voluptates labore dolor rem qui voluptas dolor veniam. Aperiam sunt molestiae aut nihil.,Earum ratione ad est ut voluptatem minima vitae veniam. Laboriosam aut aut dignissimos magnam rerum sed. Quibusdam libero laborum ratione. Animi est aut. Aut accusamus et autem sed optio aspernatur quas. Delectus nisi esse sunt repellat praesentium. Tempora dolores et laudantium velit reprehenderit perferendis distinctio. Quaerat error a voluptate non molestias ipsum.,,6,Tami Graham,
126,Questions,Fugiat sed sit veritatis fuga exercitationem itaque sit dolor sapiente. Doloremque fugiat consequuntur laboriosam nisi rerum aperiam libero. Nulla blanditiis voluptatem vel perferendis sit mollitia reprehenderit quaerat. Consequuntur doloribus ipsam eum ipsam labore.,,"Invoicing, Employee Management",3,Jorge Wilkinson,Mack98@hotmail.com
127,Feature Request,At error quam voluptates quos et nesciunt mollitia et magnam. Autem molestias quas.,,,7,Lillie Rutherford Jr.,Agnes76@gmail.com
128,Feature Request,Architecto eos ut nisi voluptatem quo eveniet. Facere repellat ducimus inventore dolore reprehenderit amet ullam.,,,6,,Eudora79@gmail.com
129,Questions,Ut molestias accusantium.,,,1,,Schuyler.Daugherty@gmail.com
130,Questions,Ea dolorem adipisci eos blanditiis tempore. Adipisci iste veniam cum nemo. Suscipit debitis omnis.,,,8,Karl Kiehn,
131,Bug Report,Omnis quia et quis minus illo.,Aut dolorem tempora qui ratione porro omnis est nam. Veniam odit laudantium architecto autem laboriosam ea. Voluptates consequuntur enim. Eum ea et maiores.,,4,Doyle Dach Jr.,
132,Bug Report,Voluptates alias molestiae odio qui. Enim delectus reiciendis molestiae eum impedit placeat explicabo voluptatem asperiores. Odio eaque cum sint aut consequuntur nemo qui. Ut debitis incidunt. Veniam sequi molestias autem. Quos aliquid excepturi quia. Vel harum quisquam et similique.,,"Customer Management, Accounting",5,,Maggie42@yahoo.com
