Response number,Are you a new or existing customer?,What is the item you would like to order?,What color(s) would you like to order?,Product options,Your name,Phone number,Email,Preferred contact method,How satisfied are you with our service?,Questions and comments
1,,MB917ZH5,"Blue, Red, Green","Red: 1 MEDIUM, Yellow: 3 MEDIUM, Green: 3 SMALL, Blue: 1 MEDIUM, Green: 1 LARGE, Blue: 1 LARGE, Yellow: 1 SMALL, Red: 2 SMALL",Nina Bode,774-813-3781,,"Phone, Email",5,Sed itaque aspernatur nesciunt reiciendis soluta. Soluta quia suscipit corrupti quia numquam mollitia. Est qui aut neque nam qui sed neque quidem magni. Veniam commodi cum accusamus atque est quos sed quasi.
2,,1928SJWN,"Blue, Yellow, Green",,Beverly Stark,786-321-2556,,Email,4,Nisi voluptatem magni ut beatae blanditiis ipsam. Nulla perferendis sed ut. Et ea iusto quo quia quo dicta.
3,,0B7ANSH6,,,Frances West,213-409-0290,Jany.Walter@yahoo.com,"Phone, Email",4,Suscipit occaecati magnam labore ut vero nostrum aspernatur sit. Modi debitis tempore. Ut et itaque voluptatum consequatur dignissimos. Iste exercitationem voluptas eius et consequatur explicabo vel aut consequuntur. Qui aut qui ex aut voluptas molestiae. In non aut aut beatae ex porro id rerum. Fugit consequatur fugiat dolores. Ut veritatis voluptatem pariatur assumenda eaque. Corporis et hic. Voluptatibus repudiandae molestiae molestiae animi ipsum voluptates.
4,I am a new customer,0B7ANSH6,,,Meredith Schmidt,305-262-6269,Sadye.Haag@gmail.com,Phone,3,
5,I am a new customer,AK10BBZ7,"Blue, Yellow, Red",Red: 2 SMALL,Doris Volkman,765-438-1683,Mikel51@gmail.com,"Phone, Email",1,
6,I am an existing customer,1928SJWN,"Green, Red",,Irving Rolfson,800-717-8452,Lew88@gmail.com,"Phone, Email",1,Beatae veniam accusamus. Ea ratione voluptas esse ut corporis sint numquam. Non accusamus omnis sint dolorem accusamus cupiditate veniam.
7,,AK10BBZ7,"Yellow, Red","Blue: 1 MEDIUM, Green: 1 LARGE, Yellow: 1 SMALL, Red: 2 SMALL, Green: 3 SMALL",Miss Clinton Brakus,642-589-5704,Llewellyn_Kshlerin10@hotmail.com,Phone,1,
8,I am an existing customer,MB917ZH5,,Red: 2 SMALL,Penny Schuppe,834-713-9141,,"Phone, Email",4,Excepturi exercitationem animi. Sapiente ipsam ipsa aliquam mollitia quod labore non at quia. Illum ipsam non ut aut. Ipsum eum qui quis quo qui ipsa voluptatibus molestiae. Hic autem qui sint est ea aut esse enim. Aliquid saepe perferendis ut exercitationem voluptatem velit. Voluptas et harum nihil enim qui aut veniam. Omnis explicabo placeat a natus eius veniam qui facilis. Aut expedita odio deserunt at minus molestiae corporis. Sequi recusandae quod omnis quia sint perferendis.
9,I am an existing customer,1928SJWN,"Blue, Red",,Michele O'Conner,525-869-9628,,Phone,4,
10,I am an existing customer,JF72HSY0,,,Alexis Rice,739-231-6142,Christopher_Franecki@hotmail.com,"Phone, Email",2,Rerum sed corrupti vel qui vel fugit officia. Dolores ut at est voluptatem velit. Natus earum sed dolores similique reprehenderit aut vel est odit. Reiciendis reiciendis qui quaerat rem impedit qui voluptas voluptatem. Quisquam occaecati sapiente iste maiores et doloremque et. Quidem aut sint magni quo incidunt temporibus dolores explicabo non.
11,I am an existing customer,0B7ANSH6,Red,,Carrie Pfannerstill,608-469-3623,,"Email, Phone",4,Laborum dolore delectus quo. Dolores assumenda velit consequatur quod mollitia. Deserunt deleniti sed recusandae quas nostrum quis. At praesentium accusantium assumenda molestiae sed id maiores velit. Rerum sequi est aut. Exercitationem laboriosam quis officia corrupti ut. Eius officia veniam iure quasi omnis esse in. Porro tenetur nostrum non modi. Est delectus et corrupti vitae veritatis ut placeat totam. Laborum est consectetur.
12,I am an existing customer,AK10BBZ7,,,Mike Kautzer V,491-624-8834,Arlene_Okuneva@hotmail.com,Phone,1,
13,,1928SJWN,"Yellow, Green, Blue, Red",,Lillie Klein,406-360-5923,Herbert_Bartell@hotmail.com,"Email, Phone",3,
14,,JF72HSY0,,"Yellow: 1 SMALL, Red: 1 MEDIUM, Green: 3 SMALL, Blue: 1 LARGE, Yellow: 3 MEDIUM, Blue: 1 MEDIUM, Red: 2 SMALL, Green: 1 LARGE",Elmer Johnson,392-352-9605,,"Phone, Email",5,
15,,0B7ANSH6,,"Yellow: 1 SMALL, Green: 1 LARGE, Blue: 1 LARGE, Red: 2 SMALL",Rogelio Kub,608-869-3416,Danial_Fay@yahoo.com,Phone,3,
16,,01N58XNS,"Green, Blue","Green: 1 LARGE, Blue: 1 MEDIUM, Green: 3 SMALL, Yellow: 3 MEDIUM, Yellow: 1 SMALL, Red: 1 MEDIUM",Elsie Kuhic MD,646-637-0111,,"Email, Phone",2,Totam similique aut inventore aut in eum rerum in et. Qui dolor veniam qui consectetur qui quaerat ut nam eaque. Animi quia optio laboriosam cumque non laudantium est aut explicabo. Quis consectetur aspernatur. Aut non dolore accusamus perspiciatis id. Autem id magni voluptas quas non et. Et et iusto qui quos tempore voluptatem quia quia. Veritatis quos sint et.
17,,01N58XNS,,"Red: 1 MEDIUM, Green: 3 SMALL, Red: 2 SMALL, Blue: 1 LARGE",Celia Hilpert,448-365-2627,,Phone,2,
18,,MB917ZH5,"Blue, Yellow, Green, Red","Blue: 1 LARGE, Red: 2 SMALL",Agnes Buckridge,961-505-8684,,Email,5,Ut hic sunt voluptas excepturi ratione iusto exercitationem doloremque. Quo qui aspernatur et omnis doloribus tenetur corrupti. Qui nostrum deleniti aut dicta iusto in temporibus. Illum nisi impedit odit adipisci sequi corporis rerum ut rerum.
19,I am a new customer,0B7ANSH6,,,Robin Fritsch,504-807-0000,Judson88@hotmail.com,Phone,5,Temporibus ut quidem qui. Ut culpa quis. Et rerum ratione quae non eum amet et vel cupiditate. Est praesentium ut iste tenetur quo dolor alias. Quia est quia corporis dolores nihil. Aut velit numquam illum. Enim et fugiat rerum impedit ut sed consequatur quis. Atque eligendi repellendus quos adipisci architecto.
20,I am a new customer,01N58XNS,,"Yellow: 3 MEDIUM, Green: 1 LARGE, Blue: 1 MEDIUM, Blue: 1 LARGE, Yellow: 1 SMALL",Alfonso Mann,875-851-6608,Orie_Prosacco95@hotmail.com,Email,2,Laboriosam vel optio. Rerum ut aut et quidem doloribus. Voluptatem minima illum doloremque vitae aut vel. Aut non nobis. Eos omnis quam cum sunt. Magni commodi laudantium quo vel sit aut ad. Provident aut et. Nisi id eius voluptas ut ex suscipit aut doloremque. Omnis et quam nihil.
21,,0B7ANSH6,Red,"Red: 1 MEDIUM, Yellow: 1 SMALL, Green: 3 SMALL, Blue: 1 MEDIUM, Red: 2 SMALL",Emily Gaylord PhD,881-560-2397,,Phone,3,Facere at aut ut tenetur quo distinctio quas. Consequatur cupiditate voluptatem id. Sunt in libero qui numquam delectus aut libero. Velit repellat enim perferendis sequi aliquid ullam magni aut. Dolores illo ut quia nobis. Rem ut ut voluptatem consequuntur nisi et maiores.
22,I am an existing customer,0B7ANSH6,"Yellow, Red, Green, Blue",,Yvette Wilkinson,617-710-3657,Lauren_Yundt@hotmail.com,"Phone, Email",1,Incidunt nam voluptas id optio autem repudiandae. Consequatur omnis ut quaerat et labore. Ut ut earum accusamus maiores cum ex tenetur occaecati.
23,,MB917ZH5,Green,,Dixie Beahan,512-751-5321,Candice52@gmail.com,Email,1,
24,I am a new customer,1928SJWN,,,Ervin Swaniawski Sr.,724-251-8481,Marietta41@hotmail.com,Phone,3,Voluptatum minus aspernatur. Nisi sed a consequatur impedit. Sint odit ut vel sed nam.
25,I am an existing customer,AK10BBZ7,"Green, Blue",,Rickey Witting,789-290-1819,,Email,2,
26,,AK10BBZ7,,"Red: 2 SMALL, Red: 1 MEDIUM, Green: 3 SMALL, Yellow: 1 SMALL, Green: 1 LARGE, Blue: 1 MEDIUM, Blue: 1 LARGE, Yellow: 3 MEDIUM",Terrell Heidenreich,696-237-1163,Karl_Willms@gmail.com,Phone,1,Consequatur reprehenderit nihil facilis aliquam beatae aliquid sunt veniam. Voluptatem nam dolores nemo itaque asperiores eos sed consequatur. Et quasi eos velit voluptatum at. Omnis ea quis. Molestiae delectus nobis sit soluta nostrum rerum. Consectetur nam odit similique animi provident nihil. Quo perferendis earum repudiandae deserunt.
27,,01N58XNS,"Red, Blue, Yellow, Green",,Dr. Faith Stanton,360-646-9455,,Phone,5,Deserunt totam aut facilis quis. Est quisquam ullam ut qui repudiandae vel minima et quos. Et fugit voluptas eum omnis dolores voluptatem consequatur.
28,I am a new customer,01N58XNS,Green,,Tracy Trantow,814-494-9473,,"Phone, Email",1,Dolores possimus at occaecati voluptas vero commodi saepe. Laudantium quae iusto aut illum. Nulla vero voluptas reprehenderit. Recusandae eligendi maxime maiores eos id. Ut numquam sint. Eum saepe sed dolore quam non et itaque. Non voluptate ut quo omnis.
29,I am an existing customer,JF72HSY0,,,Amber Powlowski,616-621-7186,,"Email, Phone",5,
30,I am a new customer,JF72HSY0,,,Gerald Stanton,420-575-0129,Jada83@gmail.com,Email,1,Ullam recusandae quia ad. Eos et occaecati est quisquam autem fugiat et quia facilis. Iusto consequatur repellat aut ut. Enim nihil unde. Veritatis id error expedita dolor quod porro incidunt laudantium. Voluptatem sint et quisquam laudantium amet. Odio consequuntur quaerat dolorem ratione. Qui deleniti similique fugiat perferendis deleniti reiciendis saepe natus omnis. Enim et quis vitae ex ab.
31,I am an existing customer,1928SJWN,"Blue, Yellow, Green, Red","Blue: 1 LARGE, Blue: 1 MEDIUM, Green: 1 LARGE, Red: 2 SMALL, Green: 3 SMALL, Yellow: 3 MEDIUM",Lorena Oberbrunner,516-497-2301,,"Phone, Email",4,Sed ipsam consequatur tenetur quos accusamus consectetur. Est nisi aut atque vitae consequatur velit reiciendis qui cupiditate. Vero ut est ab maxime. Placeat dolor aperiam aut porro ad placeat consequatur. Quia ut officiis placeat ut. Suscipit laborum quo unde harum adipisci ea ut vitae officia. Et et deserunt quibusdam suscipit doloremque magnam veniam. Eaque autem inventore. Cumque ducimus dolorem quidem voluptatem quia voluptatibus deleniti delectus velit.
32,,1928SJWN,Blue,,Rosemarie Koelpin,841-693-7135,,"Phone, Email",3,Tempore ea alias et. Quasi fugiat nihil dicta dolores in voluptatem. Rem est quo et optio quia omnis adipisci sed ut. Atque fugit et itaque veniam aliquid modi et consequatur. Nihil blanditiis dolor.
33,,MB917ZH5,"Red, Blue, Green","Blue: 1 MEDIUM, Green: 3 SMALL, Yellow: 1 SMALL",Latoya Walsh II,439-607-2378,,"Phone, Email",4,
34,,01N58XNS,Green,"Red: 1 MEDIUM, Yellow: 1 SMALL, Green: 3 SMALL, Blue: 1 MEDIUM",Eunice Russel,912-367-9498,,"Email, Phone",5,
35,I am a new customer,1928SJWN,"Yellow, Green","Blue: 1 MEDIUM, Red: 1 MEDIUM, Yellow: 1 SMALL, Green: 1 LARGE, Yellow: 3 MEDIUM",Melanie Harvey,585-427-9604,Garett.Mayert@gmail.com,"Phone, Email",4,
36,,01N58XNS,,,Terrell Buckridge,467-776-9281,Julia.Bernier68@yahoo.com,Phone,5,Exercitationem nisi occaecati odio voluptatem qui molestiae illum. Numquam sunt dolor atque dolor magnam illum praesentium. Consequuntur molestiae mollitia sint sit voluptatem. Labore doloribus voluptatum quia. Corporis omnis sint ut est ut. Molestiae et nesciunt. Facere aut doloribus facere repellendus quis porro in voluptatem. Nihil ea sed laudantium quasi eligendi.
37,,JF72HSY0,"Green, Red, Blue, Yellow",,Dr. Anne McCullough,814-809-3280,Bryce_Mosciski75@gmail.com,"Email, Phone",5,
38,I am a new customer,0B7ANSH6,,"Green: 3 SMALL, Red: 2 SMALL",Carole Zboncak,461-928-0545,,"Email, Phone",3,
39,,AK10BBZ7,"Yellow, Blue, Red, Green",,Kimberly Padberg,323-433-4806,,Email,3,Est at fugit et sit. Sint atque beatae dolorem reiciendis a ratione soluta. Quasi quam harum quo facilis. Sint quibusdam suscipit qui. Quos ut est repellat iure quo aliquam excepturi.
40,,0B7ANSH6,"Yellow, Green","Blue: 1 MEDIUM, Red: 2 SMALL, Red: 1 MEDIUM, Yellow: 3 MEDIUM, Blue: 1 LARGE, Green: 3 SMALL, Green: 1 LARGE",Brendan Turner,543-804-2364,,"Phone, Email",5,Recusandae officiis cupiditate architecto et quam et unde. Est qui voluptatem dolorum fugiat. Repellendus recusandae quas officiis accusamus necessitatibus et rerum ipsam. Est cum optio et vitae iusto. Qui est asperiores. Sed accusamus et aperiam est omnis aliquid. Non non et. Possimus nihil qui ex.
41,I am a new customer,0B7ANSH6,Yellow,,Garry Barton,957-686-0050,,"Email, Phone",1,
42,,AK10BBZ7,"Blue, Yellow",,Miss Tami Kertzmann,988-849-7721,,Email,2,Qui officia aperiam. Quos tempore at animi cum eum cum provident. Facilis qui quis vero ipsum molestias. Quos illum voluptas esse voluptas dolor omnis alias fugit qui. Minima veritatis nulla ipsum odit assumenda quaerat doloremque rerum. Unde non sit dolores.
43,,1928SJWN,"Red, Green",Yellow: 3 MEDIUM,Philip Lesch,694-981-4191,Hollie_Dicki8@hotmail.com,Phone,5,Reprehenderit labore suscipit nisi dolor dolor. Cupiditate neque autem. Earum tempora animi aut rerum alias. Amet sit quaerat voluptatibus beatae eligendi. Consequatur occaecati dolor sit neque eligendi rerum. Porro in laudantium. Maxime ea ullam quis voluptate sunt. Recusandae aperiam inventore et est repudiandae rerum ut repudiandae minus. Velit sit enim iure aut et. Et error velit corrupti excepturi magnam.
44,,MB917ZH5,"Yellow, Green",,Marian Kerluke,559-573-4025,,Phone,1,
45,I am a new customer,1928SJWN,,,Melba Blick,522-403-0419,Gracie77@yahoo.com,Phone,5,Quae perspiciatis ut illum eius voluptate omnis dolor. Eaque omnis ea et. Quo ut natus et culpa nostrum. Adipisci eius maxime ea sed quis veniam accusamus impedit. Ut officiis et laudantium neque. Consequatur quaerat illo et molestiae perferendis. Quia illum corporis deleniti dolorem minus ullam.
46,I am a new customer,AK10BBZ7,"Yellow, Blue, Red",,Dixie Cremin,626-984-8997,,"Email, Phone",5,Eos ut ipsum. Aperiam similique officia aliquid quia rem aut. Iste expedita sequi magni et ipsam.
47,,MB917ZH5,,Red: 2 SMALL,Tammy Baumbach,843-823-6552,,"Email, Phone",5,Ut vel sint blanditiis magnam et reiciendis reprehenderit. At modi et exercitationem nobis. Recusandae officia necessitatibus quidem.
48,,MB917ZH5,,,Cora Erdman,985-853-8206,Lauren_OConnell45@yahoo.com,"Phone, Email",4,
49,I am an existing customer,01N58XNS,,Yellow: 1 SMALL,Gayle Grimes,379-583-5073,Jaylan_Altenwerth51@gmail.com,Email,1,Et nesciunt porro fugiat. Dolorem odio assumenda vitae alias ducimus et aut fugiat eligendi. Occaecati est ipsam vel qui recusandae dolorem vitae. Aliquam quia tempore repellat excepturi. Libero mollitia consequatur ducimus modi dolorem eos. Quia vero voluptates earum totam qui. Ipsum ut eaque debitis aut. Neque quisquam id pariatur esse minima aut rerum sapiente qui. Dignissimos provident et explicabo occaecati velit numquam dolores.
50,I am an existing customer,0B7ANSH6,"Yellow, Green, Red, Blue","Blue: 1 LARGE, Red: 1 MEDIUM, Yellow: 3 MEDIUM, Green: 3 SMALL",Christina Homenick,607-473-7012,Eleazar_Russel82@yahoo.com,Email,5,
51,,AK10BBZ7,,"Blue: 1 LARGE, Yellow: 3 MEDIUM",Lawrence Shanahan,318-585-3378,Hobart.Herzog@gmail.com,Phone,5,
52,I am an existing customer,01N58XNS,Yellow,,Delbert Schaefer,422-952-2727,Cloyd49@hotmail.com,"Email, Phone",3,
53,I am an existing customer,01N58XNS,"Yellow, Red",,Frances Considine DDS,694-272-5715,,"Phone, Email",3,Rerum nihil consequuntur maxime consequatur. Quia nemo laborum aperiam omnis ut qui occaecati. Quia officiis atque dicta voluptatibus aspernatur. Reiciendis aspernatur vero veritatis fuga perspiciatis. Cupiditate error voluptas blanditiis velit non. Laborum praesentium molestiae alias perspiciatis tempore consequatur minus omnis.
54,,AK10BBZ7,Red,,Ernest Ryan,518-266-7314,,"Phone, Email",1,
55,I am an existing customer,AK10BBZ7,"Yellow, Green","Green: 3 SMALL, Red: 1 MEDIUM, Blue: 1 MEDIUM, Yellow: 3 MEDIUM, Red: 2 SMALL",Daisy Parisian,350-874-4843,,"Email, Phone",5,Qui et aut tempora laboriosam quisquam sed velit magni quisquam. Pariatur et sunt id debitis est sint. Minima odio iure non quia voluptatum ex rerum voluptas. Quia inventore sunt. Fugiat similique commodi recusandae.
56,I am an existing customer,JF72HSY0,,,Patty Herzog,246-981-1314,Dessie_Altenwerth@yahoo.com,"Email, Phone",4,Et quia error voluptatem modi. Odit tempora dolorum possimus consectetur laborum. Ducimus earum aut fugit et rem minima. Quia sunt voluptas rerum voluptates et officiis ut cumque. Voluptatem qui quod autem sed magni autem. Suscipit perspiciatis veniam recusandae commodi. Laudantium unde id in minima nihil autem qui voluptates. Consequatur fugiat repellat asperiores at deserunt inventore consequatur porro eos. Unde recusandae omnis explicabo quaerat maiores est sed.
57,,AK10BBZ7,,,Wendy Conn,536-241-1135,,Phone,3,Officiis distinctio amet ipsum mollitia. Dignissimos repellat ea officiis rerum repellat architecto maxime. Dolor culpa omnis provident impedit vero qui vel. Ipsam labore sed sint consequatur in quis corporis asperiores aut. Iure quisquam doloremque tempore repellendus. Suscipit sunt aut consectetur praesentium et impedit modi. Possimus molestiae ullam debitis impedit qui aut et nemo. Sapiente distinctio consequuntur error consequatur est non consequatur.
58,,0B7ANSH6,,"Blue: 1 MEDIUM, Yellow: 3 MEDIUM",Patty Daugherty,239-269-0209,Letha21@hotmail.com,Phone,5,In quae voluptates et. Maxime architecto ducimus. Recusandae voluptatum aspernatur autem.
59,I am an existing customer,JF72HSY0,,"Yellow: 1 SMALL, Green: 1 LARGE, Red: 1 MEDIUM",Clifton Paucek,378-863-1003,Zaria.Bode87@yahoo.com,"Phone, Email",5,Impedit sed blanditiis commodi voluptatem sed sit ipsum. Tempora perferendis molestiae. Aut qui repudiandae earum tempore itaque optio sit odit. Nihil nisi qui consequatur. Earum qui architecto praesentium maiores. Consectetur eum mollitia eveniet illo. Atque ut distinctio occaecati. Ducimus illo quo qui iste inventore. Eum expedita corrupti quis consequatur impedit atque architecto.
60,I am a new customer,JF72HSY0,,,Richard Dietrich,469-528-2442,Janis.Grant@hotmail.com,"Phone, Email",2,
61,,AK10BBZ7,"Green, Red, Blue, Yellow",Green: 1 LARGE,Kirk Wyman,522-450-7016,,"Phone, Email",1,
62,I am an existing customer,JF72HSY0,"Blue, Red, Yellow, Green","Blue: 1 MEDIUM, Green: 3 SMALL, Red: 1 MEDIUM, Blue: 1 LARGE",Juan Gerlach,324-231-0331,Katheryn_Bins@hotmail.com,"Email, Phone",2,Ab corporis eum vel quisquam necessitatibus aut nihil doloribus est. Ut est voluptate sunt mollitia rerum earum similique numquam. Modi eum ad et beatae magni. Expedita reiciendis totam at asperiores error. Quis dolorum commodi fuga sed provident delectus. Neque et saepe consectetur molestias ea aliquid qui et voluptatem. Quas et eveniet quo odio. Deserunt illo ipsam consequatur quis. Nihil vel maiores amet.
63,,1928SJWN,"Yellow, Red, Blue","Red: 1 MEDIUM, Green: 3 SMALL, Red: 2 SMALL, Yellow: 1 SMALL, Yellow: 3 MEDIUM, Green: 1 LARGE, Blue: 1 MEDIUM, Blue: 1 LARGE",Ian Turner,722-624-6757,,"Email, Phone",3,
64,I am a new customer,1928SJWN,"Green, Red, Blue",,Damon Senger,619-848-8104,Delphine_McClure13@gmail.com,Email,4,
65,,AK10BBZ7,Green,,Jan Monahan,238-345-5482,Corene83@yahoo.com,Email,4,
66,,0B7ANSH6,Red,"Blue: 1 LARGE, Red: 1 MEDIUM, Red: 2 SMALL, Blue: 1 MEDIUM, Yellow: 3 MEDIUM, Yellow: 1 SMALL",Carrie Daniel,370-534-0208,,Email,3,Ut est quod sit odit. Ut sint esse consequatur magni corrupti nisi reiciendis exercitationem. Laboriosam dignissimos inventore debitis totam. Vel id non numquam placeat consequatur. Repellat maxime rerum repellendus sint. Omnis sint modi delectus ab nihil voluptatem nisi excepturi et.
67,,JF72HSY0,,"Red: 1 MEDIUM, Blue: 1 MEDIUM",Toby McLaughlin,804-785-6389,Theodore_Bednar54@yahoo.com,"Email, Phone",5,Iure nulla aliquam placeat consequatur maxime in quis mollitia. Ut quo veniam quae nihil repudiandae qui inventore. Sint sit culpa. Et praesentium perferendis amet omnis atque autem. Voluptatem et eos quisquam hic consequatur.
68,,0B7ANSH6,,"Yellow: 3 MEDIUM, Red: 2 SMALL, Green: 1 LARGE, Red: 1 MEDIUM",Kathryn Dickinson MD,927-309-7948,,Phone,3,Nihil saepe quia iure. Expedita natus ipsam. Libero quisquam reiciendis. Nemo accusamus velit molestias et in ducimus. Pariatur ut consequatur facilis ipsam omnis eum rerum.
69,,1928SJWN,,,Theodore Adams,568-534-9738,,"Phone, Email",4,
70,I am an existing customer,0B7ANSH6,"Red, Blue, Green, Yellow",,Dr. Olive Toy,244-874-2513,,Phone,5,
71,I am a new customer,1928SJWN,Red,"Red: 2 SMALL, Yellow: 1 SMALL, Green: 3 SMALL, Green: 1 LARGE, Blue: 1 MEDIUM, Yellow: 3 MEDIUM",Russell Sauer,624-890-5597,Caitlyn78@gmail.com,Email,1,Aut ut assumenda sit at quibusdam laboriosam recusandae autem. Unde accusamus non maiores. Et placeat et temporibus aut ea autem et veniam nihil.
72,I am an existing customer,0B7ANSH6,Red,"Yellow: 1 SMALL, Red: 2 SMALL",Joshua Wintheiser,701-722-8459,,"Email, Phone",1,Consectetur natus iste cupiditate exercitationem eum voluptas magnam ab quos. Molestias harum a quasi perferendis velit error aliquam. Assumenda sunt optio dolor non sint perferendis neque. Sunt quia quidem est.
73,,JF72HSY0,"Red, Green, Yellow, Blue",,Shawn Wilderman,707-423-8920,,Email,1,Fuga cum neque ea. Et sint molestiae repellat. Ipsa nulla ut. Fugiat sed dolore dolores facilis et accusamus error quo. Ratione aut vel. Qui in et. Modi necessitatibus sit nihil iusto. Placeat explicabo voluptas alias consequatur enim et numquam aperiam. Aliquam incidunt itaque laborum sed eum suscipit. Quia in quae quasi aut est temporibus.
74,I am a new customer,1928SJWN,,Red: 1 MEDIUM,Sophie Powlowski,300-303-6819,Ayden_McKenzie19@hotmail.com,Phone,5,Aut velit odio mollitia dolorem qui et. Exercitationem quas eveniet qui aperiam autem aperiam quia. Rerum consequuntur officiis ducimus.
75,I am a new customer,01N58XNS,,,Kerry Reichel,484-703-5107,Okey.Hickle25@yahoo.com,Email,2,
76,I am an existing customer,JF72HSY0,Green,"Yellow: 1 SMALL, Red: 2 SMALL, Green: 3 SMALL, Blue: 1 MEDIUM, Blue: 1 LARGE",Irvin Lebsack,582-504-4690,,"Email, Phone",2,Tempore odio aperiam quos consequuntur omnis vitae. Est unde quidem sint dolores et odio quia qui. Non animi sunt minus et. Qui aut praesentium est distinctio aut et eius eveniet.
77,I am an existing customer,01N58XNS,"Green, Blue, Red",,Caleb Bruen II,495-628-9875,Shayna_Frami@yahoo.com,Phone,5,
78,,MB917ZH5,,,Charlene Collier,919-434-0644,Cierra.Bruen@hotmail.com,Phone,1,Laborum autem temporibus omnis. Nihil deleniti occaecati quo nihil quibusdam quia laboriosam illo. Asperiores animi delectus est aliquid dolorum. Ad veniam voluptatum error sed itaque vel architecto. Tempore et quis laudantium tenetur qui eveniet. Consequatur nemo enim sequi laborum quod iure consequatur. Quia delectus ullam at est accusantium odit et harum aut. Quasi aut suscipit odio. Quia exercitationem doloremque illo impedit. Sit omnis sed eius molestias sint mollitia quas.
79,,01N58XNS,,,Bernard Schneider,518-391-4971,,Phone,3,Ratione rem aliquid at. Voluptatem impedit et sint eos quis ut modi. Omnis nihil est. Earum sint quam rerum excepturi explicabo facere id veniam.
80,I am a new customer,JF72HSY0,"Yellow, Red","Yellow: 1 SMALL, Blue: 1 LARGE, Green: 3 SMALL, Red: 1 MEDIUM, Green: 1 LARGE, Blue: 1 MEDIUM",Gwendolyn Boyer,375-273-8490,Brown_Oberbrunner@yahoo.com,"Phone, Email",2,Aut tenetur quia est sint tenetur ut voluptatem corporis unde. Nihil odit eligendi dignissimos. Quod minus sed autem quisquam. Assumenda enim laudantium aut corrupti quis possimus.
81,I am an existing customer,1928SJWN,,,Willie Littel,282-687-3746,Isaac_Davis@hotmail.com,Email,2,
82,I am an existing customer,JF72HSY0,Red,"Green: 1 LARGE, Red: 1 MEDIUM, Yellow: 3 MEDIUM, Blue: 1 LARGE",Jacquelyn Lemke,533-962-2380,Devante_Durgan@gmail.com,Phone,4,Doloribus vitae ut aut neque ut atque nihil alias. Fuga omnis libero et facere reiciendis repellat officiis fugiat. Et iure amet minima nam magni. Rerum eius numquam nobis voluptatum aut et ut. Adipisci corporis corporis doloribus et impedit minus a ut. Explicabo optio omnis est laboriosam dignissimos ad inventore. Atque et voluptas itaque delectus. Quis eius ut voluptas sed. Rerum iure ut voluptatem rem. Magni eveniet illo ducimus dolorum sunt voluptatem soluta illo.
83,I am an existing customer,0B7ANSH6,,,Kent Weimann V,813-840-9379,,"Email, Phone",3,Est repellendus distinctio facilis blanditiis. Voluptas et qui ut temporibus qui autem sapiente. Aspernatur suscipit ut voluptates nisi. Molestias dignissimos magnam ut. Ducimus libero ipsa voluptatem. Voluptas deserunt corporis accusantium corrupti quidem et culpa laudantium. Est dolor enim autem. Est enim aut.
84,I am a new customer,JF72HSY0,Red,,Byron Fahey,369-236-6646,,"Email, Phone",2,
85,I am a new customer,AK10BBZ7,"Yellow, Green",,Mr. Clyde Ward,392-925-7402,Elvie_Grant97@gmail.com,Phone,4,
86,,0B7ANSH6,,"Green: 1 LARGE, Blue: 1 LARGE, Green: 3 SMALL, Red: 2 SMALL, Yellow: 3 MEDIUM",Carrie Erdman II,311-942-0991,,"Phone, Email",1,
87,I am a new customer,1928SJWN,"Yellow, Red","Green: 1 LARGE, Yellow: 1 SMALL, Yellow: 3 MEDIUM, Red: 2 SMALL, Blue: 1 LARGE",Dominick Simonis DVM,968-594-6296,Holden.White40@hotmail.com,Email,4,Nobis dicta iste. Ut facere sint sint quia reiciendis non sequi optio. Reprehenderit eum iusto molestiae voluptas quibusdam voluptatem. Omnis id rerum atque vel rem. Non iusto ea non a molestias. Inventore odio dolore ea cumque cum.
88,I am a new customer,01N58XNS,,"Green: 1 LARGE, Red: 2 SMALL, Red: 1 MEDIUM, Blue: 1 MEDIUM",Robert Buckridge,633-871-6388,Wilber_Hauck66@hotmail.com,Phone,3,
89,I am a new customer,01N58XNS,,,Jody Purdy,892-424-7238,,"Phone, Email",1,
90,,0B7ANSH6,"Blue, Yellow, Red","Green: 1 LARGE, Blue: 1 LARGE, Yellow: 3 MEDIUM, Red: 2 SMALL, Blue: 1 MEDIUM, Yellow: 1 SMALL, Green: 3 SMALL, Red: 1 MEDIUM",Arthur Murphy,297-987-1460,Chaim.Runte@hotmail.com,"Email, Phone",3,Distinctio exercitationem voluptates odio saepe. Eius sed commodi pariatur expedita ut nobis aut omnis. Quia consequatur eum non ratione et. Et facilis dolorem amet et repellendus sed et. Aut commodi et in amet recusandae ipsa. Quidem officia tenetur ut molestias. Itaque voluptatem quia. Voluptatem sed optio.
91,I am an existing customer,01N58XNS,,"Blue: 1 LARGE, Green: 3 SMALL, Red: 1 MEDIUM, Yellow: 1 SMALL, Red: 2 SMALL, Yellow: 3 MEDIUM",Elsie Wiza,867-996-3889,,"Email, Phone",3,
92,I am an existing customer,01N58XNS,"Yellow, Green",,Martha Mann,808-659-4694,Bernie.Champlin30@yahoo.com,"Phone, Email",1,Consequatur est provident nam nihil. Consequatur blanditiis consequatur eum nostrum quam sed ut. Ut enim sint minima et ullam eius enim nihil. Quis iure quidem maxime non autem aliquam. Facere quia harum nobis nihil necessitatibus et distinctio quia. Autem modi culpa ratione nulla quia cupiditate rem voluptas. Tenetur aspernatur dolores odit dolorem ullam id tempora id. Dignissimos non velit ullam.
93,I am an existing customer,JF72HSY0,"Red, Yellow, Blue, Green",,Erick Heidenreich,487-906-4893,,Phone,5,Iusto incidunt repellendus quo mollitia. Ab maiores delectus cumque sint velit. Commodi numquam hic tempora. Occaecati et dolor et at rerum. Tempora est molestiae doloribus eos repudiandae.
94,I am a new customer,01N58XNS,"Blue, Green, Yellow, Red","Green: 3 SMALL, Red: 2 SMALL, Blue: 1 LARGE, Yellow: 1 SMALL, Red: 1 MEDIUM, Yellow: 3 MEDIUM, Green: 1 LARGE",Stacy Lakin,634-520-6522,Garret95@yahoo.com,Phone,4,
95,I am an existing customer,MB917ZH5,"Blue, Green","Red: 1 MEDIUM, Blue: 1 MEDIUM",Allan Ebert,646-829-2031,,Email,3,
96,,JF72HSY0,,"Yellow: 3 MEDIUM, Red: 1 MEDIUM, Red: 2 SMALL, Green: 3 SMALL, Blue: 1 LARGE, Blue: 1 MEDIUM",Roberto McCullough,968-232-5227,,"Phone, Email",3,Ipsam quisquam maiores voluptatem quibusdam et quisquam. Aut beatae repellendus quia error nobis magnam magni. Aliquid ad nam deserunt.
97,I am an existing customer,01N58XNS,,,Doug Dicki,236-640-4593,,"Email, Phone",5,
98,,MB917ZH5,,,Eduardo Kuvalis IV,763-491-8356,,Email,3,
99,I am an existing customer,MB917ZH5,Green,,Phyllis Lindgren,781-900-8626,Hertha68@gmail.com,Email,1,Officia ratione aliquam beatae. Quod magnam natus minus. Impedit rerum tempora. Repellendus ipsum maxime rem quo. Et id unde ex soluta accusamus nobis laboriosam eum commodi.
100,I am a new customer,1928SJWN,"Green, Yellow",,Erick Witting DDS,233-416-2603,,"Phone, Email",4,
101,,0B7ANSH6,,"Green: 1 LARGE, Red: 2 SMALL, Green: 3 SMALL, Red: 1 MEDIUM",Jimmy Thiel,213-825-6016,,Phone,5,Ut excepturi explicabo aut dolor aut ea perferendis. At laudantium inventore magnam repudiandae. Occaecati iste sed et. Facere commodi qui tempore magnam repudiandae excepturi consequatur qui amet. Aut id omnis quia ipsum ea animi qui autem aliquid.
102,I am an existing customer,01N58XNS,,Green: 3 SMALL,Courtney Kutch,306-373-9037,Dandre.Bayer@gmail.com,"Email, Phone",5,Omnis rerum eveniet itaque sed consequatur non ut beatae. Quia facilis explicabo commodi. Voluptate similique eveniet non corporis quasi magnam. Commodi est eligendi sit iusto et qui exercitationem. Dicta magnam non voluptas neque ullam placeat ut fugiat. Molestiae placeat doloribus quia non mollitia.
103,,0B7ANSH6,,"Yellow: 1 SMALL, Blue: 1 LARGE, Yellow: 3 MEDIUM, Green: 3 SMALL, Red: 1 MEDIUM, Blue: 1 MEDIUM, Red: 2 SMALL",Van Parker,306-598-4035,Antonina_Stamm63@gmail.com,Email,4,Repellat sit dolores. Consequuntur sit dicta qui commodi dolorem omnis eos. Corrupti quia nihil excepturi porro iusto sit voluptatem laboriosam qui. Ipsam non accusantium hic commodi vel aliquid beatae. Excepturi sit sed voluptatem nobis. Nulla illo consequatur tenetur et. Quo ea velit dolor et. Dolores nobis molestiae laborum facilis aut.
104,I am a new customer,01N58XNS,Red,,Lee Senger,372-242-5688,Daphney_Hauck@gmail.com,Phone,1,Excepturi ullam quia nulla ut est. Et nulla quaerat id nesciunt praesentium odit facere. Consectetur et nostrum reprehenderit temporibus explicabo beatae omnis eum placeat.
105,,1928SJWN,,,George Rodriguez,959-327-9867,,Email,4,Temporibus consequatur sed sed. Qui fuga quaerat suscipit ab natus soluta. Quae quas nostrum ea enim iusto recusandae voluptatum facere aut. Blanditiis illo itaque est aut perferendis id iusto magnam vel. Iste voluptate qui eveniet eius omnis fugiat.
106,I am a new customer,1928SJWN,,,Eddie Hansen IV,687-478-7020,,"Email, Phone",5,Quis laborum et perferendis omnis quasi aut perferendis sint assumenda. Ipsum et suscipit exercitationem. Repellendus itaque rerum sed quis dolorum. Sed accusantium tenetur modi saepe vel ipsum. Eligendi laudantium labore nemo temporibus autem esse quia reiciendis ut. Ratione porro quasi quo quis quis. Cupiditate aut dolor hic est tempora corrupti eius. Deserunt dolore laboriosam placeat deleniti omnis nulla dolores consequatur non. Labore sint eos ducimus illum occaecati.
107,,1928SJWN,,"Red: 2 SMALL, Green: 1 LARGE, Yellow: 1 SMALL, Blue: 1 MEDIUM",Kristie Kihn,415-391-7692,Sedrick_Crona81@gmail.com,Phone,5,
108,I am a new customer,01N58XNS,,,Glen Hegmann,971-929-8982,,Email,3,Et quasi non. Esse optio ex quam et explicabo rerum quam perferendis corrupti. Qui odio voluptatem. Et dolorem mollitia adipisci quo ut possimus. Voluptatem ipsum hic nesciunt fugiat laudantium ut. Repellat nobis laboriosam vero veritatis explicabo sapiente ut.
109,,JF72HSY0,"Red, Yellow",,Raul Fisher,779-402-7553,,"Phone, Email",1,Quis illum commodi dolorum similique. Perspiciatis provident aut. Quasi quas ab. Magnam quaerat nesciunt aut at minus dolores similique. Vero at suscipit non voluptatum. Sunt quo fuga qui ab possimus voluptatem. Aut quos dignissimos voluptatum distinctio alias incidunt odit. Fuga beatae voluptatum quas fugit perspiciatis et omnis. A eveniet sint id occaecati quos ex aut adipisci iste. Ab est excepturi sed optio error dolor amet et.
110,,JF72HSY0,Green,,Wendy Runolfsson,467-824-1106,,"Phone, Email",5,
111,,AK10BBZ7,,"Yellow: 1 SMALL, Red: 2 SMALL, Red: 1 MEDIUM, Green: 1 LARGE, Green: 3 SMALL, Yellow: 3 MEDIUM",Miss Shannon McLaughlin,418-782-8571,Alivia.DuBuque66@yahoo.com,"Email, Phone",3,Amet saepe assumenda quae aut ipsum. Sed atque voluptatibus odit iure amet a placeat sed. Voluptas culpa quos. Sit et qui ut quisquam temporibus at quia laudantium. Similique fugit eaque expedita. In assumenda ea tempora pariatur dolorem. Deleniti debitis fuga sed delectus.
112,I am an existing customer,JF72HSY0,,"Yellow: 1 SMALL, Blue: 1 LARGE, Red: 1 MEDIUM, Yellow: 3 MEDIUM, Blue: 1 MEDIUM",Mamie Osinski,936-671-9291,Mia_Sipes55@yahoo.com,"Phone, Email",4,
113,,MB917ZH5,"Green, Yellow",,Mack Raynor,932-918-4084,Isac33@gmail.com,Phone,4,
114,,1928SJWN,,,Valerie Kohler,448-787-9553,Eliza.Ullrich61@yahoo.com,"Phone, Email",2,Impedit ea vero tempora praesentium corrupti fuga ad doloribus. Soluta ut hic omnis sint laborum dolore delectus. Ratione expedita nihil optio fugit. Error qui ea. Pariatur a hic. Velit adipisci sequi velit quos est a voluptas. Provident qui recusandae quidem dolorum et amet autem. Numquam provident et blanditiis magni ratione saepe. Et eos et deleniti consequatur saepe.
115,,0B7ANSH6,,,Bobbie Kunze,831-490-8341,,"Phone, Email",4,
116,,JF72HSY0,,"Green: 1 LARGE, Red: 2 SMALL, Blue: 1 LARGE, Red: 1 MEDIUM, Blue: 1 MEDIUM, Green: 3 SMALL",Ms. Lionel Friesen,815-950-7911,,Phone,2,Voluptas a exercitationem ad. Est et voluptatum. Beatae aspernatur modi et. Cupiditate nihil iste quibusdam omnis ducimus consequuntur unde nisi cum. Quia sit sit ab molestias ipsum maxime distinctio blanditiis non. Molestias sequi natus dolor autem ut dolorem ut est rerum. Accusamus id dolores deserunt ut nemo et impedit nihil. Veritatis nulla magnam ut. Laudantium non quibusdam molestias iusto ducimus sint ut omnis velit. Veritatis molestiae aut magnam minus porro.
117,I am an existing customer,0B7ANSH6,,Green: 3 SMALL,Kristin Kulas,754-256-3945,Raoul.Botsford@yahoo.com,Email,3,Delectus harum deserunt facere esse ea architecto aut. Quia voluptate enim recusandae qui incidunt magni aspernatur ut. Est esse quo nobis et velit velit voluptas. Libero id laudantium dolorem. Quia in sed eligendi iusto praesentium tempora expedita itaque officiis.
118,,01N58XNS,"Yellow, Blue","Blue: 1 MEDIUM, Red: 2 SMALL, Blue: 1 LARGE, Green: 3 SMALL, Yellow: 1 SMALL",Christopher Johns,371-793-2136,,Phone,4,Vel harum saepe autem. Dolorem illo ea ut consequatur placeat repellat. Et iusto eum tenetur porro qui. Suscipit numquam quae impedit ut. Ad natus ut est quos necessitatibus. Voluptatem quidem sit. Non repellat in provident placeat aut.
119,I am an existing customer,0B7ANSH6,,,Priscilla Steuber,651-589-3319,,"Phone, Email",5,Deleniti animi sequi ut. Quas veritatis est. Et molestias quidem vero.
120,,01N58XNS,,,Emilio Wuckert,979-698-8161,,"Phone, Email",5,
121,I am a new customer,0B7ANSH6,,"Green: 3 SMALL, Yellow: 3 MEDIUM, Blue: 1 MEDIUM, Blue: 1 LARGE, Green: 1 LARGE, Yellow: 1 SMALL",Kari Lemke,269-788-2236,,"Phone, Email",5,Consequatur explicabo est dolores molestiae voluptate deleniti. Excepturi sunt fugiat repellat necessitatibus exercitationem. Modi facere cumque architecto est voluptas omnis.
122,I am a new customer,AK10BBZ7,,,Christina Keebler,953-964-1341,Brown_Gerlach4@gmail.com,"Email, Phone",5,Voluptatem nihil dicta voluptatem hic et aspernatur et. Nihil qui quod labore id omnis. Tempora rerum expedita fuga sequi natus blanditiis. Beatae occaecati eaque ea. Qui magnam sint mollitia adipisci sed. Qui harum nam illum numquam molestias aut aspernatur perferendis. Porro libero neque quas incidunt dolores ut dolores. Quaerat ex officiis velit quia iste molestias in ducimus. Omnis dolor incidunt molestiae ex et alias tempora est sit. Porro consequatur est ea sunt.
123,I am a new customer,0B7ANSH6,,,Eunice Lockman,413-993-6916,Kaylin43@gmail.com,Phone,1,
124,,1928SJWN,Red,,Patti Cartwright,200-283-1136,,Phone,3,Optio debitis soluta. Qui deleniti et quis cum velit officia quia nesciunt. Nihil quidem earum fugiat dolor quo est asperiores. Aliquid nihil earum molestiae possimus neque debitis. Quis aut aliquid ut commodi quia esse nam.
125,,01N58XNS,"Blue, Yellow","Red: 2 SMALL, Yellow: 1 SMALL, Green: 3 SMALL, Red: 1 MEDIUM, Blue: 1 LARGE",Sabrina Bayer,420-615-8564,Sunny.Aufderhar80@yahoo.com,"Email, Phone",4,
126,,1928SJWN,"Green, Blue","Green: 3 SMALL, Blue: 1 LARGE, Red: 1 MEDIUM",Dawn Terry IV,578-639-9148,Amelia.Rath43@gmail.com,"Email, Phone",5,
127,,1928SJWN,,"Red: 1 MEDIUM, Yellow: 3 MEDIUM, Green: 3 SMALL, Blue: 1 LARGE, Red: 2 SMALL",Dominick Dach II,465-519-4259,Camilla71@gmail.com,Phone,3,
128,,JF72HSY0,Blue,"Yellow: 3 MEDIUM, Red: 2 SMALL, Green: 1 LARGE, Blue: 1 LARGE, Yellow: 1 SMALL, Green: 3 SMALL, Red: 1 MEDIUM",Nicholas Carroll,316-449-3267,,Email,5,Cumque nulla aut vitae voluptatem soluta. Facilis non fugiat in et aliquid. Debitis autem temporibus vitae ducimus aut est. Consequatur dolorum odio qui hic magni dolore libero natus. Reiciendis praesentium aut qui deleniti a. Quisquam odio ut. Fugit modi atque ea et eos assumenda nisi eaque. Ratione rem nobis omnis sint voluptatum. Et sed distinctio reiciendis velit.
129,I am a new customer,01N58XNS,,,Phil Ferry,219-455-1022,,"Email, Phone",2,
130,,MB917ZH5,"Yellow, Green, Red",Yellow: 3 MEDIUM,Troy Jakubowski,897-884-0701,Garfield45@hotmail.com,"Phone, Email",2,
131,I am an existing customer,1928SJWN,"Blue, Red, Yellow",,Teri Jacobi,794-706-0655,Jazmin_Beahan@gmail.com,Phone,4,Nostrum inventore consequuntur animi occaecati nesciunt cupiditate voluptate. Modi voluptas aut modi a totam error voluptatem iure iste. Voluptatem quia vel assumenda. Beatae provident numquam.
132,,0B7ANSH6,"Blue, Red, Green","Yellow: 3 MEDIUM, Red: 1 MEDIUM, Blue: 1 LARGE",Amos Huel,742-678-6428,Howell19@gmail.com,Email,3,
133,I am a new customer,MB917ZH5,,,Hannah Ledner,267-736-3250,,Phone,2,
134,I am an existing customer,MB917ZH5,Blue,"Red: 2 SMALL, Blue: 1 MEDIUM, Green: 1 LARGE, Yellow: 1 SMALL, Blue: 1 LARGE, Red: 1 MEDIUM, Yellow: 3 MEDIUM, Green: 3 SMALL",Mrs. Bradford Marquardt,239-564-2023,,"Email, Phone",2,
135,,JF72HSY0,,,Miss Ollie Monahan,207-454-7030,Rebeca.Paucek@yahoo.com,"Phone, Email",4,
136,I am an existing customer,MB917ZH5,"Green, Red, Blue, Yellow","Red: 1 MEDIUM, Blue: 1 MEDIUM, Yellow: 3 MEDIUM, Blue: 1 LARGE, Yellow: 1 SMALL",Melody Bartell DVM,946-234-0908,,"Email, Phone",4,Aut vel repudiandae iusto nisi sit aperiam. Omnis et repellat magnam ratione autem et. Rem voluptatem voluptatibus nam nihil rem accusantium esse soluta. Laboriosam laudantium at. Laborum optio impedit veniam soluta voluptatem velit. Occaecati excepturi excepturi et corporis dolorem voluptas veritatis deleniti. Ex nesciunt blanditiis officiis et ut quia assumenda totam est. Molestiae esse laboriosam nostrum rem provident aut.
137,,AK10BBZ7,,"Yellow: 1 SMALL, Green: 3 SMALL, Yellow: 3 MEDIUM",Bruce Gibson,541-455-6876,,Phone,1,
138,I am an existing customer,MB917ZH5,,"Yellow: 3 MEDIUM, Red: 1 MEDIUM, Blue: 1 MEDIUM, Green: 3 SMALL, Blue: 1 LARGE, Red: 2 SMALL, Yellow: 1 SMALL, Green: 1 LARGE",Clinton Sauer,581-874-5626,,Email,2,
139,,1928SJWN,,"Blue: 1 MEDIUM, Red: 2 SMALL, Blue: 1 LARGE, Green: 1 LARGE, Yellow: 3 MEDIUM, Yellow: 1 SMALL, Red: 1 MEDIUM, Green: 3 SMALL",Salvatore Ziemann,805-576-8117,,"Email, Phone",3,
140,,AK10BBZ7,"Blue, Red, Yellow",,Jay Barton,680-453-9183,,"Phone, Email",4,Dolorum quas et quae neque voluptas temporibus corrupti. Modi tenetur aliquam omnis. Eum officiis iusto occaecati voluptas. Sed voluptatem voluptatem. Unde explicabo soluta impedit et. Voluptatem enim voluptatum ipsum. Quod porro deleniti. Magnam praesentium molestias iure. Est ut est.
141,,JF72HSY0,"Blue, Green, Yellow, Red",,Shelley Mueller,743-478-7683,Isaiah.Friesen@hotmail.com,Phone,1,Numquam soluta vero voluptatem vitae corrupti assumenda voluptatibus. Et modi delectus ducimus at perspiciatis repellendus ea doloremque mollitia. Ipsa et doloremque dicta similique veritatis et. Officiis ducimus est eos. Quia doloremque et voluptates et autem ipsa consequatur rerum. Maiores minus velit fuga quibusdam dolor tenetur fugiat aut. Quis totam quos qui provident accusantium laboriosam sint fugit. Magnam laborum id illum natus.
142,I am an existing customer,01N58XNS,"Red, Blue, Green",,Kathy Turcotte,487-412-6669,Nicholaus_Hackett88@yahoo.com,Phone,4,Omnis et consequatur ut sint qui. Tempore reprehenderit modi voluptas error. Velit totam officiis et perferendis rerum. Amet eos eaque sit eveniet quo est occaecati. Ut est omnis omnis quam id quidem debitis. Nihil culpa ut dicta ut voluptatem facere consequatur voluptatum provident. Nihil ut voluptas quam.
143,I am a new customer,MB917ZH5,,Yellow: 3 MEDIUM,Guadalupe Hoeger,503-519-3823,Joshua.Fahey47@hotmail.com,"Phone, Email",2,Voluptatibus et modi nostrum eos distinctio ut quos. Dolorem itaque mollitia tempora voluptas aut. Autem quo debitis iusto. Aut eaque facilis sint et quia voluptas laboriosam incidunt dolorem.
144,,AK10BBZ7,,,Valerie Wiegand,728-246-4775,Ena.Ortiz@yahoo.com,"Email, Phone",3,Distinctio ut beatae nisi fuga velit deleniti neque facere sunt. Eos porro necessitatibus quia maxime. Quas sit aut ut dolor voluptas qui ducimus. Aut laboriosam vel nulla quia ut. Et rerum aut dolores. Ut similique consequuntur. Delectus perspiciatis vero.
145,,AK10BBZ7,,,Ella Kertzmann,407-918-7573,Alexandro.Spencer@yahoo.com,Phone,4,
146,I am an existing customer,AK10BBZ7,,,Ben Lesch,644-795-9984,,Phone,3,
147,,1928SJWN,"Blue, Green, Red, Yellow",,Andres Johnson,896-652-5581,Vida_Block@gmail.com,Email,1,
148,I am a new customer,JF72HSY0,,,Tamara Wintheiser,979-880-5980,Lavern_Nader80@yahoo.com,"Phone, Email",5,
149,,JF72HSY0,,,Blake Dickens,905-799-2104,,Phone,5,Reiciendis nobis et odio. Aut autem esse ut vitae qui sed. Quisquam vel distinctio maiores dolorem.
150,I am an existing customer,01N58XNS,,,Sidney Fadel,974-753-5180,Julie_Smitham58@gmail.com,"Email, Phone",3,
151,I am a new customer,MB917ZH5,,"Green: 1 LARGE, Red: 2 SMALL, Blue: 1 LARGE, Yellow: 3 MEDIUM",Mrs. Kay Weber,832-796-3477,,"Phone, Email",3,
152,I am an existing customer,0B7ANSH6,,"Blue: 1 LARGE, Red: 2 SMALL, Yellow: 3 MEDIUM, Green: 3 SMALL",Dr. Ron Harris,416-870-9272,,Phone,2,Est omnis et. Aspernatur iure quae. Et qui omnis officiis harum aut aut et. Consequatur ea magni voluptatem. Delectus harum omnis qui autem optio omnis inventore. Odit et voluptatem eum aut nihil est dolorum. Omnis animi dolores eos assumenda. Rerum quibusdam ipsam. Asperiores adipisci nulla. Deserunt quis veritatis.
153,I am an existing customer,1928SJWN,"Blue, Green, Yellow, Red",Blue: 1 LARGE,Homer Cronin,485-516-3973,,Phone,1,In ex sequi similique saepe alias aspernatur quis architecto. Quis veritatis itaque cupiditate. Impedit aspernatur deleniti ut et repudiandae. Maxime laboriosam excepturi culpa. Et eveniet veniam et sint cupiditate ducimus explicabo. Illum consequatur aliquam labore odit. In ut et odio amet voluptatem at est quae error. Amet accusamus consequuntur illum ex earum dolorum quos dolor sunt.
154,,1928SJWN,Yellow,,Evan Borer,636-321-4895,,"Email, Phone",5,
